,score,label,time_stamp
./FLSHE_2020_400/TEST_0+1_20200401_005700.wav,12.302043389216008,0,166.0
./FLSHE_2020_400/TEST_0+1_20200216_192300.wav,9.103815410240184,0,163.5
./FLSHE_2020_400/TEST_0+1_20200514_022700.wav,10.143229447395575,0,147.0
./FLSHE_2020_400/TEST_0+1_20200404_225900.wav,34.309737980658994,0,251.5
./FLSHE_2020_400/TEST_0+1_20200227_003200.wav,10.697187792008998,0,86.0
./FLSHE_2020_400/TEST_0+1_20200509_222500.wav,9.554407575422962,0,298.5
./FLSHE_2020_400/TEST_0+1_20200219_182600.wav,9.300909586452983,0,279.0
./FLSHE_2020_400/TEST_0+1_20200424_221400.wav,23.409987798228897,0,185.5
./FLSHE_2020_400/TEST_0+1_20200206_001300.wav,247.62116779951083,0,69.0
./FLSHE_2020_400/TEST_0+1_20200416_010700.wav,32.836126182511045,0,271.5
./FLSHE_2020_400/TEST_0+1_20200405_190000.wav,8.984934985073004,0,5.0
./FLSHE_2020_400/TEST_0+1_20200209_011600.wav,11.65727937207491,0,279.5
./FLSHE_2020_400/TEST_0+1_20200505_192200.wav,9.676442172940153,0,261.5
./FLSHE_2020_400/TEST_0+1_20200207_211500.wav,15.796328813141566,0,263.0
./FLSHE_2020_400/TEST_0+1_20200528_013700.wav,12.003603298536875,0,175.0
./FLSHE_2020_400/TEST_0+1_20200307_023900.wav,12.034911003112633,0,293.5
./FLSHE_2020_400/TEST_0+1_20200416_210800.wav,16.7326398450834,0,4.5
./FLSHE_2020_400/TEST_0+1_20200422_021100.wav,49.57265523173283,0,164.5
./FLSHE_2020_400/TEST_0+1_20200523_203400.wav,21.17814876724363,0,221.5
./FLSHE_2020_400/TEST_0+1_20200522_023300.wav,9.88049038443501,0,1.0
./FLSHE_2020_400/TEST_0+1_20200302_233600.wav,11.86656031433538,0,295.5
./FLSHE_2020_400/TEST_0+1_20200117_225600.wav,14.08517910378452,0,187.0
./FLSHE_2020_400/TEST_0+1_20200126_230400.wav,10.515445111686077,0,275.5
./FLSHE_2020_400/TEST_0+1_20200127_190500.wav,11.66325764919602,0,122.5
./FLSHE_2020_400/TEST_0+1_20200522_193400.wav,24.103768934707013,0,104.0
./FLSHE_2020_400/TEST_0+1_20200223_212900.wav,9.924662369531118,0,60.5
./FLSHE_2020_400/TEST_0+1_20200603_194100.wav,8.406652770216803,0,218.5
./FLSHE_2020_400/TEST_0+1_20200602_234000.wav,16.157375310925858,0,245.0
./FLSHE_2020_400/TEST_0+1_20200514_222800.wav,9.717436748758708,0,196.5
./FLSHE_2020_400/TEST_0+1_20200519_213200.wav,22.298773984480597,0,170.0
./FLSHE_2020_400/TEST_0+1_20200411_000400.wav,19.20289353159934,0,202.0
./FLSHE_2020_400/TEST_0+1_20200419_211000.wav,20.042472089106287,0,80.0
./FLSHE_2020_400/TEST_0+1_20200114_005200.wav,11.823394185047375,0,193.0
./FLSHE_2020_400/TEST_0+1_20200313_184400.wav,10.866749078210008,0,64.5
./FLSHE_2020_400/TEST_0+1_20200115_215400.wav,251.29868663334378,0,145.0
./FLSHE_2020_400/TEST_0+1_20200503_222000.wav,15.317791162078043,0,115.0
./FLSHE_2020_400/TEST_0+1_20200517_023000.wav,8.60099196282131,0,28.5
./FLSHE_2020_400/TEST_0+1_20200229_223400.wav,12.707056591205845,0,275.5
./FLSHE_2020_400/TEST_0+1_20200220_212700.wav,68.4434913609656,0,14.5
./FLSHE_2020_400/TEST_0+1_20200328_005400.wav,13.463252967987076,0,207.0
./FLSHE_2020_400/TEST_0+1_20200525_013500.wav,22.20753861105154,0,97.5
./FLSHE_2020_400/TEST_0+1_20200409_230300.wav,40.837212826321256,0,101.0
./FLSHE_2020_400/TEST_0+1_20200408_190200.wav,12.306895830697556,0,88.0
./FLSHE_2020_400/TEST_0+1_20200204_191200.wav,16.146345067266704,0,176.0
./FLSHE_2020_400/TEST_0+1_20200205_231300.wav,167.5145151734668,0,272.5
./FLSHE_2020_400/TEST_0+1_20200304_013600.wav,47.91970500300763,0,127.5
./FLSHE_2020_400/TEST_0+1_20200415_220700.wav,51.4268446959204,0,8.0
./FLSHE_2020_400/TEST_0+1_20200221_182700.wav,12.511671881542922,0,272.5
./FLSHE_2020_400/TEST_0+1_20200219_022500.wav,23.576916059059734,0,224.5
./FLSHE_2020_400/TEST_0+1_20200407_000100.wav,23.894836702638525,0,212.0
./FLSHE_2020_400/TEST_0+1_20200427_021500.wav,13.654919189323154,0,281.0
./FLSHE_2020_400/TEST_0+1_20200123_200100.wav,9.711699864356527,0,222.0
./FLSHE_2020_400/TEST_0+1_20200531_233900.wav,17.35952449725511,0,254.0
./FLSHE_2020_400/TEST_0+1_20200210_231800.wav,120.92749295809793,0,214.5
./FLSHE_2020_400/TEST_0+1_20200211_191900.wav,337.2963853857738,0,105.5
./FLSHE_2020_400/TEST_0+1_20200429_211700.wav,11.804547781552696,0,294.5
./FLSHE_2020_400/TEST_0+1_20200527_013600.wav,14.846910733060165,0,164.0
./FLSHE_2020_400/TEST_0+1_20200423_221300.wav,11.066196678865257,0,213.5
./FLSHE_2020_400/TEST_0+1_20200131_210900.wav,9.01348625140397,0,241.5
./FLSHE_2020_400/TEST_0+1_20200513_192700.wav,9.215258326289666,0,54.5
./FLSHE_2020_400/TEST_0+1_20200118_215600.wav,16.640206197756715,0,13.0
./FLSHE_2020_400/TEST_0+1_20200201_010900.wav,11.968497503402281,0,147.5
./FLSHE_2020_400/TEST_0+1_20200203_181100.wav,9.218617713285338,0,178.5
./FLSHE_2020_400/TEST_0+1_20200512_202700.wav,21.708405113659165,0,299.5
./FLSHE_2020_400/TEST_0+1_20200310_234200.wav,33.34772637234265,0,75.0
./FLSHE_2020_400/TEST_0+1_20200308_013900.wav,15.076101000331466,0,48.5
./FLSHE_2020_400/TEST_0+1_20200202_211100.wav,14.646791063912914,0,252.5
./FLSHE_2020_400/TEST_0+1_20200412_200500.wav,11.25043097785711,0,204.5
./FLSHE_2020_400/TEST_0+1_20200116_025400.wav,195.1176559974023,0,244.5
./FLSHE_2020_400/TEST_0+1_20200521_213300.wav,26.277879926062397,0,20.5
./FLSHE_2020_400/TEST_0+1_20200124_210200.wav,9.999689379530718,0,139.5
./FLSHE_2020_400/TEST_0+1_20200330_215600.wav,9.725631943302059,0,87.5
./FLSHE_2020_400/TEST_0+1_20200421_211100.wav,32.24587266514185,0,188.0
./FLSHE_2020_400/TEST_0+1_20200518_013000.wav,11.084485915762972,0,281.5
./FLSHE_2020_400/TEST_0+1_20200213_022000.wav,119.42013479311859,0,238.0
./FLSHE_2020_400/TEST_0+1_20200510_232500.wav,12.62512110017133,0,220.0
./FLSHE_2020_400/TEST_0+1_20200129_230700.wav,9.888629666601803,0,208.5
./FLSHE_2020_400/TEST_0+1_20200128_190600.wav,8.956762791635937,0,241.0
./FLSHE_2020_400/TEST_0+1_20200306_223900.wav,13.602544279218582,0,11.5
./FLSHE_2020_400/TEST_0+1_20200417_010800.wav,19.516215170828016,0,20.5
./FLSHE_2020_400/TEST_0+1_20200301_003400.wav,11.869173679430077,0,180.5
./FLSHE_2020_400/TEST_0+1_20200201_181000.wav,11.985726056071636,0,57.0
./FLSHE_2020_400/TEST_0+1_20200411_190400.wav,8.899505389674113,0,241.0
./FLSHE_2020_400/TEST_0+1_20200511_192600.wav,12.69233885589574,0,65.5
./FLSHE_2020_400/TEST_0+1_20200516_223000.wav,24.19352156063844,0,183.5
./FLSHE_2020_400/TEST_0+1_20200515_022800.wav,13.04565689708899,0,28.5
./FLSHE_2020_400/TEST_0+1_20200410_200400.wav,13.733450639640186,0,236.0
./FLSHE_2020_400/TEST_0+1_20200312_234300.wav,145.5258788539892,0,78.5
./FLSHE_2020_400/TEST_0+1_20200118_175600.wav,19.856639892915254,0,81.5
./FLSHE_2020_400/TEST_0+1_20200401_195700.wav,27.1090182346005,0,4.0
./FLSHE_2020_400/TEST_0+1_20200217_222400.wav,13.682586380032973,0,8.5
./FLSHE_2020_400/TEST_0+1_20200227_193200.wav,19.796682715118454,0,173.0
./FLSHE_2020_400/TEST_0+1_20200425_021400.wav,51.548718251869374,0,217.0
./FLSHE_2020_400/TEST_0+1_20200405_025900.wav,36.61860902797862,0,6.0
./FLSHE_2020_400/TEST_0+1_20200226_203200.wav,21.91558729932655,0,241.0
./FLSHE_2020_400/TEST_0+1_20200208_211600.wav,10.27919847724185,0,52.0
./FLSHE_2020_400/TEST_0+1_20200501_201900.wav,11.642926157536985,0,31.0
./FLSHE_2020_400/TEST_0+1_20200314_024407.wav,303.07794902433466,0,246.5
./FLSHE_2020_400/TEST_0+1_20200121_225900.wav,10.780485534093845,0,278.0
./FLSHE_2020_400/TEST_0+1_20200120_185800.wav,9.253142373490904,0,89.0
./FLSHE_2020_400/TEST_0+1_20200430_191800.wav,10.735897396426202,0,153.0
./FLSHE_2020_400/TEST_0+1_20200225_193100.wav,24.24515437266188,0,143.0
./FLSHE_2020_400/TEST_0+1_20200224_233000.wav,13.00070960593884,0,292.5
./FLSHE_2020_400/TEST_0+1_20200115_175400.wav,75.45298752275855,0,285.5
./FLSHE_2020_400/TEST_0+1_20200513_002700.wav,11.001895158903583,0,189.5
./FLSHE_2020_400/TEST_0+1_20200601_194000.wav,10.258140183778787,0,76.5
./FLSHE_2020_400/TEST_0+1_20200403_205900.wav,16.345989946757342,0,265.0
./FLSHE_2020_400/TEST_0+1_20200203_011100.wav,11.147147899858176,0,281.5
./FLSHE_2020_400/TEST_0+1_20200116_185500.wav,220.58539531847788,0,259.5
./FLSHE_2020_400/TEST_0+1_20200413_000500.wav,11.306390088609675,0,255.0
./FLSHE_2020_400/TEST_0+1_20200119_015600.wav,194.81370058226315,0,181.5
./FLSHE_2020_400/TEST_0+1_20200418_010900.wav,24.892269950163655,0,100.0
./FLSHE_2020_400/TEST_0+1_20200520_023200.wav,12.254061640891965,0,173.0
./FLSHE_2020_400/TEST_0+1_20200420_021000.wav,25.314375637622813,0,282.0
./FLSHE_2020_400/TEST_0+1_20200212_222000.wav,20.66595446660053,0,248.5
./FLSHE_2020_400/TEST_0+1_20200213_182100.wav,11.839832869463297,0,250.0
./FLSHE_2020_400/TEST_0+1_20200125_010200.wav,14.49929771223749,0,157.5
./FLSHE_2020_400/TEST_0+1_20200331_015600.wav,22.215521592635692,0,78.5
./FLSHE_2020_400/TEST_0+1_20200329_235500.wav,9.683855347252283,0,120.5
./FLSHE_2020_400/TEST_0+1_20200122_015900.wav,11.47768913637782,0,77.5
./FLSHE_2020_400/TEST_0+1_20200228_193300.wav,11.780533117731817,0,85.0
./FLSHE_2020_400/TEST_0+1_20200218_222500.wav,11.493490997482974,0,141.5
./FLSHE_2020_400/TEST_0+1_20200408_000200.wav,12.838903617575863,0,172.5
./FLSHE_2020_400/TEST_0+1_20200414_010600.wav,44.98549798967538,0,192.0
./FLSHE_2020_400/TEST_0+1_20200406_200100.wav,16.711663855679756,0,56.0
./FLSHE_2020_400/TEST_0+1_20200221_012700.wav,18.330407096338448,0,239.0
./FLSHE_2020_400/TEST_0+1_20200524_213500.wav,15.389957639227008,0,196.5
./FLSHE_2020_400/TEST_0+1_20200506_232200.wav,49.80038755711416,0,243.5
./FLSHE_2020_400/TEST_0+1_20200507_192300.wav,10.236335374160808,0,161.0
./FLSHE_2020_400/TEST_0+1_20200530_003800.wav,9.068131695482188,0,50.0
./FLSHE_2020_400/TEST_0+1_20200526_213600.wav,18.484006927353803,0,37.5
./FLSHE_2020_400/TEST_0+1_20200504_232100.wav,16.139430614852003,0,9.5
./FLSHE_2020_400/TEST_0+1_20200426_221500.wav,13.280946381989525,0,79.0
./FLSHE_2020_400/TEST_0+1_20200428_021600.wav,25.22274412429701,0,89.0
./FLSHE_2020_400/TEST_0+1_20200215_202200.wav,17.320383689947196,0,139.0
./FLSHE_2020_400/TEST_0+1_20200309_214100.wav,12.044147644548245,0,37.0
./FLSHE_2020_400/TEST_0+1_20200516_233000.wav,14.705123118954571,0,68.5
./FLSHE_2020_400/TEST_0+1_20200201_191000.wav,10.318622765941225,0,174.5
./FLSHE_2020_400/TEST_0+1_20200301_013400.wav,9.590399515184814,0,85.0
./FLSHE_2020_400/TEST_0+1_20200312_224300.wav,81.45234674469077,0,126.5
./FLSHE_2020_400/TEST_0+1_20200410_210400.wav,31.806247727789422,0,91.5
./FLSHE_2020_400/TEST_0+1_20200603_024000.wav,9.839028454429807,0,265.0
./FLSHE_2020_400/TEST_0+1_20200128_180600.wav,10.250203711509252,0,49.5
./FLSHE_2020_400/TEST_0+1_20200129_220700.wav,11.113523358500643,0,6.0
./FLSHE_2020_400/TEST_0+1_20200127_020400.wav,17.923797891957026,0,271.5
./FLSHE_2020_400/TEST_0+1_20200303_023600.wav,10.775092417859014,0,43.5
./FLSHE_2020_400/TEST_0+1_20200417_000800.wav,18.390669817500736,0,138.0
./FLSHE_2020_400/TEST_0+1_20200306_233900.wav,9.967396488020624,0,253.0
./FLSHE_2020_400/TEST_0+1_20200120_195800.wav,10.397977878153933,0,9.5
./FLSHE_2020_400/TEST_0+1_20200121_235900.wav,10.608802631103023,0,205.0
./FLSHE_2020_400/TEST_0+1_20200214_022100.wav,10.021515542659474,0,201.5
./FLSHE_2020_400/TEST_0+1_20200501_211900.wav,21.360074081134005,0,241.0
./FLSHE_2020_400/TEST_0+1_20200208_201600.wav,32.66031961086899,0,10.5
./FLSHE_2020_400/TEST_0+1_20200224_223000.wav,26.339019569771533,0,25.5
./FLSHE_2020_400/TEST_0+1_20200225_183100.wav,13.216073363193203,0,162.0
./FLSHE_2020_400/TEST_0+1_20200528_193700.wav,9.959822034253,0,159.5
./FLSHE_2020_400/TEST_0+1_20200227_183200.wav,13.17931262577474,0,293.5
./FLSHE_2020_400/TEST_0+1_20200217_232400.wav,11.874440802488305,0,140.5
./FLSHE_2020_400/TEST_0+1_20200401_185700.wav,11.629124283329135,0,218.0
./FLSHE_2020_400/TEST_0+1_20200226_213200.wav,11.738693290767532,0,121.5
./FLSHE_2020_400/TEST_0+1_20200216_022200.wav,9.89533128601057,0,137.5
./FLSHE_2020_400/TEST_0+1_20200213_192100.wav,276.46472816046,0,48.5
./FLSHE_2020_400/TEST_0+1_20200212_232000.wav,294.97104882646533,0,279.5
./FLSHE_2020_400/TEST_0+1_20200511_022500.wav,10.853190123666131,0,138.0
./FLSHE_2020_400/TEST_0+1_20200331_005600.wav,29.120658121441796,0,189.0
./FLSHE_2020_400/TEST_0+1_20200125_000200.wav,10.572870635395201,0,251.0
./FLSHE_2020_400/TEST_0+1_20200413_010500.wav,13.861891985352655,0,258.0
./FLSHE_2020_400/TEST_0+1_20200116_195500.wav,179.02064908266897,0,228.0
./FLSHE_2020_400/TEST_0+1_20200403_215900.wav,24.086669477391016,0,23.0
./FLSHE_2020_400/TEST_0+1_20200203_001100.wav,11.385839441483688,0,288.5
./FLSHE_2020_400/TEST_0+1_20200311_024200.wav,63.48361865355515,0,124.0
./FLSHE_2020_400/TEST_0+1_20200513_012700.wav,8.949530113629336,0,249.0
./FLSHE_2020_400/TEST_0+1_20200128_020500.wav,10.049880877648356,0,247.5
./FLSHE_2020_400/TEST_0+1_20200418_000900.wav,15.822330366241108,0,65.0
./FLSHE_2020_400/TEST_0+1_20200119_005600.wav,210.1492839570045,0,132.0
./FLSHE_2020_400/TEST_0+1_20200504_222100.wav,19.59060855360211,0,34.5
./FLSHE_2020_400/TEST_0+1_20200526_203600.wav,13.263845483024662,0,159.0
./FLSHE_2020_400/TEST_0+1_20200530_013800.wav,11.280279746686016,0,108.5
./FLSHE_2020_400/TEST_0+1_20200215_212200.wav,10.850304438997894,0,153.5
./FLSHE_2020_400/TEST_0+1_20200211_021800.wav,113.606635021371,0,143.5
./FLSHE_2020_400/TEST_0+1_20200309_204100.wav,40.09608685960078,0,230.5
./FLSHE_2020_400/TEST_0+1_20200426_231500.wav,10.41223033992321,0,78.5
./FLSHE_2020_400/TEST_0+1_20200406_210100.wav,17.05936021603405,0,152.0
./FLSHE_2020_400/TEST_0+1_20200414_000600.wav,55.79484247955853,0,57.5
./FLSHE_2020_400/TEST_0+1_20200408_010200.wav,8.597756938875749,0,226.0
./FLSHE_2020_400/TEST_0+1_20200218_232500.wav,23.861615410367886,0,121.0
./FLSHE_2020_400/TEST_0+1_20200502_021900.wav,31.83284162693654,0,3.5
./FLSHE_2020_400/TEST_0+1_20200228_183300.wav,13.134232787346248,0,197.5
./FLSHE_2020_400/TEST_0+1_20200122_005900.wav,9.299922632109213,0,66.5
./FLSHE_2020_400/TEST_0+1_20200329_225500.wav,19.67893586454922,0,174.5
./FLSHE_2020_400/TEST_0+1_20200506_222200.wav,18.352238792230146,0,173.5
./FLSHE_2020_400/TEST_0+1_20200524_203500.wav,19.406940404949445,0,125.5
./FLSHE_2020_400/TEST_0+1_20200221_002700.wav,9.87006396236863,0,8.0
./FLSHE_2020_400/TEST_0+1_20200225_023000.wav,12.335401732694075,0,97.5
./FLSHE_2020_400/TEST_0+1_20200427_191600.wav,15.31745761207876,0,146.0
./FLSHE_2020_400/TEST_0+1_20200416_000700.wav,44.608690619787424,0,297.5
./FLSHE_2020_400/TEST_0+1_20200206_011300.wav,266.05564412076535,0,276.0
./FLSHE_2020_400/TEST_0+1_20200528_003700.wav,11.397215780662112,0,222.0
./FLSHE_2020_400/TEST_0+1_20200207_201500.wav,14.30544031290603,0,187.5
./FLSHE_2020_400/TEST_0+1_20200209_001600.wav,13.563283837260242,0,75.0
./FLSHE_2020_400/TEST_0+1_20200227_013200.wav,12.538896233272663,0,115.0
./FLSHE_2020_400/TEST_0+1_20200204_021100.wav,12.356886973696874,0,153.0
./FLSHE_2020_400/TEST_0+1_20200404_235900.wav,18.107885495514676,0,28.0
./FLSHE_2020_400/TEST_0+1_20200508_022300.wav,9.844669201780544,0,33.5
./FLSHE_2020_400/TEST_0+1_20200401_015700.wav,10.217081357020618,0,192.0
./FLSHE_2020_400/TEST_0+1_20200216_182300.wav,11.311116370899459,0,219.5
./FLSHE_2020_400/TEST_0+1_20200424_231400.wav,42.423742483735346,0,31.5
./FLSHE_2020_400/TEST_0+1_20200219_192600.wav,10.614522391335923,0,163.5
./FLSHE_2020_400/TEST_0+1_20200509_232500.wav,11.008349985758134,0,19.0
./FLSHE_2020_400/TEST_0+1_20200508_192400.wav,9.986022521857073,0,55.5
./FLSHE_2020_400/TEST_0+1_20200313_024300.wav,50.73387330987932,0,29.0
./FLSHE_2020_400/TEST_0+1_20200114_015200.wav,9.259299073767314,0,57.5
./FLSHE_2020_400/TEST_0+1_20200419_201000.wav,38.49518726441595,0,195.5
./FLSHE_2020_400/TEST_0+1_20200411_010400.wav,19.708821188918506,0,13.5
./FLSHE_2020_400/TEST_0+1_20200519_203200.wav,19.08468563786032,0,49.0
./FLSHE_2020_400/TEST_0+1_20200602_224000.wav,25.136433500150222,0,92.5
./FLSHE_2020_400/TEST_0+1_20200515_192900.wav,10.76053025895261,0,82.5
./FLSHE_2020_400/TEST_0+1_20200514_232800.wav,17.475351840419503,0,259.0
./FLSHE_2020_400/TEST_0+1_20200503_232000.wav,12.773277296250662,0,24.5
./FLSHE_2020_400/TEST_0+1_20200115_205400.wav,284.89822411311144,0,243.0
./FLSHE_2020_400/TEST_0+1_20200313_194400.wav,13.932721634361044,0,289.0
./FLSHE_2020_400/TEST_0+1_20200529_193800.wav,12.21015512493523,0,223.5
./FLSHE_2020_400/TEST_0+1_20200523_213400.wav,19.00096915926166,0,145.5
./FLSHE_2020_400/TEST_0+1_20200416_200800.wav,22.206232791492702,0,251.0
./FLSHE_2020_400/TEST_0+1_20200223_202900.wav,9.640238489461439,0,84.0
./FLSHE_2020_400/TEST_0+1_20200127_180500.wav,10.008913722349984,0,108.0
./FLSHE_2020_400/TEST_0+1_20200126_220400.wav,13.015288469705846,0,230.0
./FLSHE_2020_400/TEST_0+1_20200117_235600.wav,12.915626275366652,0,222.5
./FLSHE_2020_400/TEST_0+1_20200302_223600.wav,9.81710727476062,0,209.5
./FLSHE_2020_400/TEST_0+1_20200211_181900.wav,240.41535133265938,0,297.0
./FLSHE_2020_400/TEST_0+1_20200210_221800.wav,321.8174382999569,0,2.0
./FLSHE_2020_400/TEST_0+1_20200601_023900.wav,9.097669378843264,0,7.5
./FLSHE_2020_400/TEST_0+1_20200531_223900.wav,31.362675094494975,0,144.5
./FLSHE_2020_400/TEST_0+1_20200428_191700.wav,15.468165744018892,0,142.0
./FLSHE_2020_400/TEST_0+1_20200123_210100.wav,9.688926195521596,0,200.5
./FLSHE_2020_400/TEST_0+1_20200505_022100.wav,12.381611504771726,0,97.5
./FLSHE_2020_400/TEST_0+1_20200527_003600.wav,30.9687815097047,0,258.0
./FLSHE_2020_400/TEST_0+1_20200429_201700.wav,14.257113249839561,0,67.5
./FLSHE_2020_400/TEST_0+1_20200415_230700.wav,45.99964943541561,0,271.0
./FLSHE_2020_400/TEST_0+1_20200414_190600.wav,21.838916516117877,0,200.5
./FLSHE_2020_400/TEST_0+1_20200304_003600.wav,9.17693282891476,0,46.5
./FLSHE_2020_400/TEST_0+1_20200205_221300.wav,180.7938122381564,0,147.5
./FLSHE_2020_400/TEST_0+1_20200204_181200.wav,10.11449706746653,0,21.0
./FLSHE_2020_400/TEST_0+1_20200409_220300.wav,15.074516166487077,0,211.5
./FLSHE_2020_400/TEST_0+1_20200507_022200.wav,35.74518418085358,0,107.0
./FLSHE_2020_400/TEST_0+1_20200328_015400.wav,12.41193528067741,0,220.0
./FLSHE_2020_400/TEST_0+1_20200525_003500.wav,13.50902658450842,0,6.0
./FLSHE_2020_400/TEST_0+1_20200220_202700.wav,13.940184612622145,0,103.5
./FLSHE_2020_400/TEST_0+1_20200229_233400.wav,15.02467888300342,0,70.5
./FLSHE_2020_400/TEST_0+1_20200407_010100.wav,23.726467048197666,0,63.5
./FLSHE_2020_400/TEST_0+1_20200228_023200.wav,9.745636610842727,0,112.0
./FLSHE_2020_400/TEST_0+1_20200221_192700.wav,9.149094416056226,0,103.5
./FLSHE_2020_400/TEST_0+1_20200518_003000.wav,11.272108431009467,0,118.5
./FLSHE_2020_400/TEST_0+1_20200421_201100.wav,18.780397479532567,0,214.0
./FLSHE_2020_400/TEST_0+1_20200330_205600.wav,18.22173350878447,0,228.5
./FLSHE_2020_400/TEST_0+1_20200124_200200.wav,15.026890215388281,0,193.5
./FLSHE_2020_400/TEST_0+1_20200521_203300.wav,24.89466201439892,0,210.5
./FLSHE_2020_400/TEST_0+1_20200510_222500.wav,14.410233782913371,0,18.0
./FLSHE_2020_400/TEST_0+1_20200420_191100.wav,9.43885973296786,0,291.0
./FLSHE_2020_400/TEST_0+1_20200203_191100.wav,9.021548001108252,0,58.0
./FLSHE_2020_400/TEST_0+1_20200210_021700.wav,118.64828283395816,0,176.0
./FLSHE_2020_400/TEST_0+1_20200201_000900.wav,12.966331877572838,0,109.5
./FLSHE_2020_400/TEST_0+1_20200118_205600.wav,164.53947792602497,0,187.0
./FLSHE_2020_400/TEST_0+1_20200131_200900.wav,10.39151821195371,0,262.5
./FLSHE_2020_400/TEST_0+1_20200423_231300.wav,11.711401814535169,0,197.5
./FLSHE_2020_400/TEST_0+1_20200422_191200.wav,13.959961123442971,0,175.5
./FLSHE_2020_400/TEST_0+1_20200418_190900.wav,17.759717204714978,0,170.5
./FLSHE_2020_400/TEST_0+1_20200412_210500.wav,24.507250854288422,0,289.0
./FLSHE_2020_400/TEST_0+1_20200308_003900.wav,10.840683865133467,0,70.5
./FLSHE_2020_400/TEST_0+1_20200202_201100.wav,10.292782735065886,0,157.5
./FLSHE_2020_400/TEST_0+1_20200310_224200.wav,109.42019378583402,0,201.5
./FLSHE_2020_400/TEST_0+1_20200512_212700.wav,10.982400305220478,0,44.5
./FLSHE_2020_400/TEST_0+1_20200224_203000.wav,31.038037592092568,0,21.5
./FLSHE_2020_400/TEST_0+1_20200209_181700.wav,84.43474143049329,0,108.5
./FLSHE_2020_400/TEST_0+1_20200208_221600.wav,11.290870099375416,0,281.0
./FLSHE_2020_400/TEST_0+1_20200501_231900.wav,40.73468744190028,0,191.5
./FLSHE_2020_400/TEST_0+1_20200214_002100.wav,16.993008590445775,0,40.0
./FLSHE_2020_400/TEST_0+1_20200121_215900.wav,11.607535491438282,0,18.5
./FLSHE_2020_400/TEST_0+1_20200216_002200.wav,24.437641036083676,0,189.0
./FLSHE_2020_400/TEST_0+1_20200405_015900.wav,34.05445597788596,0,148.5
./FLSHE_2020_400/TEST_0+1_20200226_233200.wav,13.24286844017984,0,196.0
./FLSHE_2020_400/TEST_0+1_20200327_195400.wav,22.886271903690883,0,166.5
./FLSHE_2020_400/TEST_0+1_20200217_212400.wav,11.368296358010134,0,88.0
./FLSHE_2020_400/TEST_0+1_20200425_011400.wav,19.553582463620536,0,299.0
./FLSHE_2020_400/TEST_0+1_20200410_230400.wav,44.87699603195145,0,122.0
./FLSHE_2020_400/TEST_0+1_20200515_012800.wav,15.101774691659099,0,281.5
./FLSHE_2020_400/TEST_0+1_20200603_004000.wav,12.67813962172684,0,105.0
./FLSHE_2020_400/TEST_0+1_20200312_204300.wav,13.70893538340276,0,154.0
./FLSHE_2020_400/TEST_0+1_20200114_195300.wav,252.30177336001518,0,27.0
./FLSHE_2020_400/TEST_0+1_20200516_213000.wav,16.331973027185107,0,220.5
./FLSHE_2020_400/TEST_0+1_20200417_020800.wav,24.93924360746825,0,145.5
./FLSHE_2020_400/TEST_0+1_20200306_213900.wav,34.88804599774112,0,294.5
./FLSHE_2020_400/TEST_0+1_20200307_183900.wav,32.508533741387104,0,239.5
./FLSHE_2020_400/TEST_0+1_20200413_190600.wav,15.054423646006091,0,136.0
./FLSHE_2020_400/TEST_0+1_20200303_003600.wav,8.989661673687415,0,268.5
./FLSHE_2020_400/TEST_0+1_20200127_000400.wav,9.842955411190013,0,292.0
./FLSHE_2020_400/TEST_0+1_20200129_200700.wav,11.471133618360236,0,287.5
./FLSHE_2020_400/TEST_0+1_20200426_211500.wav,29.82110665272333,0,200.0
./FLSHE_2020_400/TEST_0+1_20200428_011600.wav,34.683041190834786,0,174.0
./FLSHE_2020_400/TEST_0+1_20200308_184000.wav,14.614904706584362,0,110.0
./FLSHE_2020_400/TEST_0+1_20200309_224100.wav,14.082670538839391,0,5.0
./FLSHE_2020_400/TEST_0+1_20200211_001800.wav,257.8167055456125,0,255.0
./FLSHE_2020_400/TEST_0+1_20200215_232200.wav,10.965534729431655,0,69.0
./FLSHE_2020_400/TEST_0+1_20200526_223600.wav,11.769805781746834,0,115.0
./FLSHE_2020_400/TEST_0+1_20200504_202100.wav,18.447100407992217,0,138.0
./FLSHE_2020_400/TEST_0+1_20200524_223500.wav,23.630275544749765,0,52.0
./FLSHE_2020_400/TEST_0+1_20200328_195500.wav,15.51173164123183,0,49.5
./FLSHE_2020_400/TEST_0+1_20200221_022700.wav,17.123159619395818,0,186.0
./FLSHE_2020_400/TEST_0+1_20200506_202200.wav,15.574784838479626,0,271.5
./FLSHE_2020_400/TEST_0+1_20200304_183700.wav,30.230581367791373,0,230.0
./FLSHE_2020_400/TEST_0+1_20200329_205500.wav,17.409372159660784,0,294.5
./FLSHE_2020_400/TEST_0+1_20200122_025900.wav,8.339718155991688,0,30.0
./FLSHE_2020_400/TEST_0+1_20200218_212500.wav,16.61041725217472,0,187.5
./FLSHE_2020_400/TEST_0+1_20200502_001900.wav,29.488155268658872,0,132.5
./FLSHE_2020_400/TEST_0+1_20200414_020600.wav,30.732201338867277,0,34.0
./FLSHE_2020_400/TEST_0+1_20200406_230100.wav,14.662546566357607,0,202.0
./FLSHE_2020_400/TEST_0+1_20200125_020200.wav,10.032187544476976,0,54.0
./FLSHE_2020_400/TEST_0+1_20200331_025600.wav,21.202967310877202,0,108.5
./FLSHE_2020_400/TEST_0+1_20200117_175600.wav,14.72692037040048,0,172.5
./FLSHE_2020_400/TEST_0+1_20200520_013200.wav,12.005246898948329,0,86.5
./FLSHE_2020_400/TEST_0+1_20200420_011000.wav,21.330198792849302,0,0.5
./FLSHE_2020_400/TEST_0+1_20200212_212000.wav,260.9575457986198,0,257.0
./FLSHE_2020_400/TEST_0+1_20200511_002500.wav,10.354111138581219,0,127.5
./FLSHE_2020_400/TEST_0+1_20200119_025600.wav,67.29881161466784,0,181.5
./FLSHE_2020_400/TEST_0+1_20200418_020900.wav,11.754108552125837,0,212.0
./FLSHE_2020_400/TEST_0+1_20200128_000500.wav,10.876012364247659,0,143.0
./FLSHE_2020_400/TEST_0+1_20200311_004200.wav,80.14441941748456,0,299.5
./FLSHE_2020_400/TEST_0+1_20200203_021100.wav,11.096075713626778,0,276.5
./FLSHE_2020_400/TEST_0+1_20200403_235900.wav,15.086971313493251,0,189.0
./FLSHE_2020_400/TEST_0+1_20200402_195800.wav,29.006017416911,0,85.5
./FLSHE_2020_400/TEST_0+1_20200115_225400.wav,238.66347881607976,0,181.5
./FLSHE_2020_400/TEST_0+1_20200301_193500.wav,11.232917360240677,0,75.0
./FLSHE_2020_400/TEST_0+1_20200517_013000.wav,13.072230924917461,0,73.5
./FLSHE_2020_400/TEST_0+1_20200503_212000.wav,18.300975244005613,0,176.5
./FLSHE_2020_400/TEST_0+1_20200519_223200.wav,16.702135337559568,0,175.5
./FLSHE_2020_400/TEST_0+1_20200514_212800.wav,10.688284537833932,0,194.5
./FLSHE_2020_400/TEST_0+1_20200602_204000.wav,19.77812315182095,0,103.5
./FLSHE_2020_400/TEST_0+1_20200313_004300.wav,112.86517953028516,0,263.5
./FLSHE_2020_400/TEST_0+1_20200419_221000.wav,18.722406110669386,0,118.5
./FLSHE_2020_400/TEST_0+1_20200117_215600.wav,9.612109692039638,0,17.0
./FLSHE_2020_400/TEST_0+1_20200302_203600.wav,12.183853250005045,0,269.5
./FLSHE_2020_400/TEST_0+1_20200126_200400.wav,13.525133870208647,0,143.0
./FLSHE_2020_400/TEST_0+1_20200223_222900.wav,16.913017353339868,0,95.0
./FLSHE_2020_400/TEST_0+1_20200222_182800.wav,14.277377666599822,0,149.0
./FLSHE_2020_400/TEST_0+1_20200416_220800.wav,33.54934372558349,0,99.5
./FLSHE_2020_400/TEST_0+1_20200307_013900.wav,12.772616398420388,0,179.5
./FLSHE_2020_400/TEST_0+1_20200303_193600.wav,13.600149022809964,0,75.5
./FLSHE_2020_400/TEST_0+1_20200523_233400.wav,13.091670966174423,0,165.5
./FLSHE_2020_400/TEST_0+1_20200422_011100.wav,32.73351005357827,0,78.0
./FLSHE_2020_400/TEST_0+1_20200522_013300.wav,12.375244929550611,0,118.5
./FLSHE_2020_400/TEST_0+1_20200209_021600.wav,13.566674880565131,0,160.0
./FLSHE_2020_400/TEST_0+1_20200206_181400.wav,216.85472191470788,0,2.0
./FLSHE_2020_400/TEST_0+1_20200207_221500.wav,10.153663678824216,0,34.5
./FLSHE_2020_400/TEST_0+1_20200528_023700.wav,11.448563195524187,0,111.5
./FLSHE_2020_400/TEST_0+1_20200416_020700.wav,69.51232838131138,0,29.0
./FLSHE_2020_400/TEST_0+1_20200214_192100.wav,173.95360224267932,0,56.0
./FLSHE_2020_400/TEST_0+1_20200225_003000.wav,18.692829633729602,0,0.0
./FLSHE_2020_400/TEST_0+1_20200509_212500.wav,11.596683688762514,0,261.0
./FLSHE_2020_400/TEST_0+1_20200407_190200.wav,21.420396905134975,0,264.0
./FLSHE_2020_400/TEST_0+1_20200424_211400.wav,14.405196929926111,0,192.5
./FLSHE_2020_400/TEST_0+1_20200514_012700.wav,13.596013882899458,0,197.5
./FLSHE_2020_400/TEST_0+1_20200404_215900.wav,29.621984401304967,0,221.0
./FLSHE_2020_400/TEST_0+1_20200508_002300.wav,11.914479331852817,0,27.5
./FLSHE_2020_400/TEST_0+1_20200204_001100.wav,11.477824822218782,0,288.5
./FLSHE_2020_400/TEST_0+1_20200510_202500.wav,19.685050303680146,0,265.5
./FLSHE_2020_400/TEST_0+1_20200213_012000.wav,12.843979500409466,0,274.0
./FLSHE_2020_400/TEST_0+1_20200124_220200.wav,12.469260066011806,0,67.0
./FLSHE_2020_400/TEST_0+1_20200125_180300.wav,10.243199253273806,0,58.0
./FLSHE_2020_400/TEST_0+1_20200521_223300.wav,18.63294407501436,0,173.0
./FLSHE_2020_400/TEST_0+1_20200421_221100.wav,69.26304410413834,0,59.5
./FLSHE_2020_400/TEST_0+1_20200331_185700.wav,10.494920017003599,0,226.0
./FLSHE_2020_400/TEST_0+1_20200330_225600.wav,17.826092380952666,0,130.0
./FLSHE_2020_400/TEST_0+1_20200518_023000.wav,13.299614518479942,0,262.0
./FLSHE_2020_400/TEST_0+1_20200305_183800.wav,23.77633656019229,0,101.0
./FLSHE_2020_400/TEST_0+1_20200310_204200.wav,137.34553190714473,0,112.5
./FLSHE_2020_400/TEST_0+1_20200512_232700.wav,9.629858894475637,0,218.0
./FLSHE_2020_400/TEST_0+1_20200116_015400.wav,144.3017108650561,0,135.5
./FLSHE_2020_400/TEST_0+1_20200412_230500.wav,12.167560530876834,0,194.5
./FLSHE_2020_400/TEST_0+1_20200202_221100.wav,9.564978069144235,0,67.5
./FLSHE_2020_400/TEST_0+1_20200308_023900.wav,20.630196964706524,0,157.5
./FLSHE_2020_400/TEST_0+1_20200130_180800.wav,10.125509083092197,0,94.0
./FLSHE_2020_400/TEST_0+1_20200423_211300.wav,9.432737495909167,0,79.0
./FLSHE_2020_400/TEST_0+1_20200131_220900.wav,13.330352834820298,0,75.0
./FLSHE_2020_400/TEST_0+1_20200311_194200.wav,183.17923123426846,0,61.0
./FLSHE_2020_400/TEST_0+1_20200118_225600.wav,11.923851260358779,0,174.5
./FLSHE_2020_400/TEST_0+1_20200201_020900.wav,14.42132949635098,0,115.5
./FLSHE_2020_400/TEST_0+1_20200119_185700.wav,12.874017276815277,0,283.0
./FLSHE_2020_400/TEST_0+1_20200210_001700.wav,9.990537595269204,0,148.5
./FLSHE_2020_400/TEST_0+1_20200527_023600.wav,18.265229085526897,0,20.5
./FLSHE_2020_400/TEST_0+1_20200530_193900.wav,9.88584091323559,0,299.5
./FLSHE_2020_400/TEST_0+1_20200429_221700.wav,30.408521406583368,0,51.5
./FLSHE_2020_400/TEST_0+1_20200314_004400.wav,140.21928345141433,0,41.0
./FLSHE_2020_400/TEST_0+1_20200505_002100.wav,10.579025725399882,0,60.0
./FLSHE_2020_400/TEST_0+1_20200122_190000.wav,12.88169386684516,0,96.0
./FLSHE_2020_400/TEST_0+1_20200123_230100.wav,17.057211172997505,0,153.0
./FLSHE_2020_400/TEST_0+1_20200427_011500.wav,15.003562053516598,0,44.0
./FLSHE_2020_400/TEST_0+1_20200531_203900.wav,26.564590594494227,0,92.0
./FLSHE_2020_400/TEST_0+1_20200601_003900.wav,9.168779047312414,0,131.0
./FLSHE_2020_400/TEST_0+1_20200210_201800.wav,210.92108013469664,0,243.0
./FLSHE_2020_400/TEST_0+1_20200228_003200.wav,12.424470401208724,0,42.0
./FLSHE_2020_400/TEST_0+1_20200219_012500.wav,20.337014198383713,0,122.0
./FLSHE_2020_400/TEST_0+1_20200121_175900.wav,11.87084378682814,0,278.0
./FLSHE_2020_400/TEST_0+1_20200525_023500.wav,12.359849933084536,0,126.0
./FLSHE_2020_400/TEST_0+1_20200229_213400.wav,11.02517874618142,0,84.5
./FLSHE_2020_400/TEST_0+1_20200220_222700.wav,11.761079553242343,0,275.5
./FLSHE_2020_400/TEST_0+1_20200409_200300.wav,15.511085869460132,0,205.0
./FLSHE_2020_400/TEST_0+1_20200507_002200.wav,16.47194206463469,0,90.5
./FLSHE_2020_400/TEST_0+1_20200502_191900.wav,11.422990356860165,0,121.5
./FLSHE_2020_400/TEST_0+1_20200415_210700.wav,37.21959800519128,0,110.5
./FLSHE_2020_400/TEST_0+1_20200304_023600.wav,9.779551862814593,0,61.5
./FLSHE_2020_400/TEST_0+1_20200205_201300.wav,13.78394975133918,0,279.0
./FLSHE_2020_400/TEST_0+1_20200222_192800.wav,14.877844238743988,0,204.5
./FLSHE_2020_400/TEST_0+1_20200223_232900.wav,41.196092824297146,0,214.5
./FLSHE_2020_400/TEST_0+1_20200126_210400.wav,12.493056258508993,0,225.0
./FLSHE_2020_400/TEST_0+1_20200302_213600.wav,11.03459066374252,0,56.0
./FLSHE_2020_400/TEST_0+1_20200117_205600.wav,94.23014489471366,0,272.0
./FLSHE_2020_400/TEST_0+1_20200522_003300.wav,12.323940443766723,0,297.5
./FLSHE_2020_400/TEST_0+1_20200422_001100.wav,34.6550396842313,0,37.5
./FLSHE_2020_400/TEST_0+1_20200523_223400.wav,20.97050320958311,0,182.0
./FLSHE_2020_400/TEST_0+1_20200303_183600.wav,15.811018943816748,0,257.0
./FLSHE_2020_400/TEST_0+1_20200307_003900.wav,11.142200165772705,0,21.5
./FLSHE_2020_400/TEST_0+1_20200416_230800.wav,19.65487322815836,0,174.5
./FLSHE_2020_400/TEST_0+1_20200417_190900.wav,11.291685098651218,0,96.5
./FLSHE_2020_400/TEST_0+1_20200503_202000.wav,19.13182288595682,0,162.0
./FLSHE_2020_400/TEST_0+1_20200517_003000.wav,13.627528505826279,0,208.0
./FLSHE_2020_400/TEST_0+1_20200301_183500.wav,31.294883140691887,0,116.5
./FLSHE_2020_400/TEST_0+1_20200115_235400.wav,176.00484833809926,0,38.0
./FLSHE_2020_400/TEST_0+1_20200114_025200.wav,12.548494879589926,0,60.5
./FLSHE_2020_400/TEST_0+1_20200419_231000.wav,18.710902149629327,0,33.0
./FLSHE_2020_400/TEST_0+1_20200313_014300.wav,47.68787314249599,0,249.0
./FLSHE_2020_400/TEST_0+1_20200514_202800.wav,11.811423795165634,0,184.0
./FLSHE_2020_400/TEST_0+1_20200602_214000.wav,19.67521624143426,0,164.0
./FLSHE_2020_400/TEST_0+1_20200411_020400.wav,16.982469753586553,0,176.5
./FLSHE_2020_400/TEST_0+1_20200519_233200.wav,16.77340244815546,0,282.5
./FLSHE_2020_400/TEST_0+1_20200424_201400.wav,18.132173216757426,0,223.5
./FLSHE_2020_400/TEST_0+1_20200509_202500.wav,15.138108091559175,0,90.5
./FLSHE_2020_400/TEST_0+1_20200425_191400.wav,9.765804918503997,0,166.0
./FLSHE_2020_400/TEST_0+1_20200525_193600.wav,13.724004255365827,0,209.5
./FLSHE_2020_400/TEST_0+1_20200227_023200.wav,15.859291449090382,0,192.5
./FLSHE_2020_400/TEST_0+1_20200508_012300.wav,10.143153314755105,0,153.0
./FLSHE_2020_400/TEST_0+1_20200404_205900.wav,16.165124325683607,0,3.5
./FLSHE_2020_400/TEST_0+1_20200204_011100.wav,10.710803689328369,0,78.5
./FLSHE_2020_400/TEST_0+1_20200514_002700.wav,12.847981641855114,0,71.0
./FLSHE_2020_400/TEST_0+1_20200401_025700.wav,11.767578332931935,0,59.0
./FLSHE_2020_400/TEST_0+1_20200207_231500.wav,12.635494891085754,0,106.0
./FLSHE_2020_400/TEST_0+1_20200206_191400.wav,208.54014108693943,0,245.5
./FLSHE_2020_400/TEST_0+1_20200225_013000.wav,13.750203490004361,0,89.5
./FLSHE_2020_400/TEST_0+1_20200214_182100.wav,12.083711011230164,0,43.5
./FLSHE_2020_400/TEST_0+1_20200206_021300.wav,284.84624432328803,0,145.5
./FLSHE_2020_400/TEST_0+1_20200202_231100.wav,11.170449288544434,0,90.5
./FLSHE_2020_400/TEST_0+1_20200412_220500.wav,10.661847652544266,0,254.5
./FLSHE_2020_400/TEST_0+1_20200116_005400.wav,208.63300002144473,0,198.5
./FLSHE_2020_400/TEST_0+1_20200512_222700.wav,12.835275643440882,0,141.5
./FLSHE_2020_400/TEST_0+1_20200310_214200.wav,200.5700036266726,0,254.5
./FLSHE_2020_400/TEST_0+1_20200210_011700.wav,24.457756630960706,0,6.0
./FLSHE_2020_400/TEST_0+1_20200311_184200.wav,20.343004517144514,0,226.0
./FLSHE_2020_400/TEST_0+1_20200119_195700.wav,12.275993611444205,0,205.0
./FLSHE_2020_400/TEST_0+1_20200118_235600.wav,22.87920924761321,0,17.5
./FLSHE_2020_400/TEST_0+1_20200131_230900.wav,16.708378067972017,0,60.5
./FLSHE_2020_400/TEST_0+1_20200423_201300.wav,11.87428417827256,0,114.0
./FLSHE_2020_400/TEST_0+1_20200130_190800.wav,12.884642537382888,0,127.5
./FLSHE_2020_400/TEST_0+1_20200213_002000.wav,28.74368767291958,0,211.0
./FLSHE_2020_400/TEST_0+1_20200510_212500.wav,13.640024044573053,0,60.0
./FLSHE_2020_400/TEST_0+1_20200305_193800.wav,12.848966658847575,0,224.5
./FLSHE_2020_400/TEST_0+1_20200330_235600.wav,26.408619575178186,0,28.0
./FLSHE_2020_400/TEST_0+1_20200331_195700.wav,137.27597917811815,0,66.5
./FLSHE_2020_400/TEST_0+1_20200421_231100.wav,60.32063276635566,0,172.0
./FLSHE_2020_400/TEST_0+1_20200520_193200.wav,11.312275252672631,0,115.5
./FLSHE_2020_400/TEST_0+1_20200521_233300.wav,18.553480055211903,0,124.0
./FLSHE_2020_400/TEST_0+1_20200125_190300.wav,10.491162311957627,0,224.5
./FLSHE_2020_400/TEST_0+1_20200124_230200.wav,11.674249380766337,0,210.0
./FLSHE_2020_400/TEST_0+1_20200407_020100.wav,19.79383268947095,0,55.5
./FLSHE_2020_400/TEST_0+1_20200219_002500.wav,70.0978109662644,0,62.5
./FLSHE_2020_400/TEST_0+1_20200228_013200.wav,9.513436385441208,0,103.5
./FLSHE_2020_400/TEST_0+1_20200205_211300.wav,189.8225820191648,0,252.0
./FLSHE_2020_400/TEST_0+1_20200415_200700.wav,28.926333966407896,0,226.0
./FLSHE_2020_400/TEST_0+1_20200507_012200.wav,13.489299786081771,0,251.0
./FLSHE_2020_400/TEST_0+1_20200409_210300.wav,20.718259817236415,0,42.0
./FLSHE_2020_400/TEST_0+1_20200220_232700.wav,9.925655993270134,0,264.5
./FLSHE_2020_400/TEST_0+1_20200229_203400.wav,25.153472266702522,0,131.0
./FLSHE_2020_400/TEST_0+1_20200328_025400.wav,10.726490517611607,0,135.0
./FLSHE_2020_400/TEST_0+1_20200505_012100.wav,8.513395577737434,0,207.0
./FLSHE_2020_400/TEST_0+1_20200314_014400.wav,18.885852848457077,0,77.5
./FLSHE_2020_400/TEST_0+1_20200429_231700.wav,32.04766911845798,0,278.0
./FLSHE_2020_400/TEST_0+1_20200601_013900.wav,9.63419032330923,0,224.0
./FLSHE_2020_400/TEST_0+1_20200210_211800.wav,261.5272650107013,0,136.0
./FLSHE_2020_400/TEST_0+1_20200531_213900.wav,21.565581048991383,0,50.5
./FLSHE_2020_400/TEST_0+1_20200427_001500.wav,19.89345160782529,0,8.5
./FLSHE_2020_400/TEST_0+1_20200123_220100.wav,10.436197148705865,0,254.0
./FLSHE_2020_400/TEST_0+1_20200122_180000.wav,14.832938314539394,0,98.0
./FLSHE_2020_400/TEST_0+1_20200327_185400.wav,13.954177618321635,0,61.0
./FLSHE_2020_400/TEST_0+1_20200226_223200.wav,17.941967496232866,0,194.0
./FLSHE_2020_400/TEST_0+1_20200405_005900.wav,26.588286299117353,0,116.0
./FLSHE_2020_400/TEST_0+1_20200216_012200.wav,9.178907191181022,0,153.0
./FLSHE_2020_400/TEST_0+1_20200425_001400.wav,52.08929219404482,0,3.0
./FLSHE_2020_400/TEST_0+1_20200217_202400.wav,12.352682392424777,0,114.5
./FLSHE_2020_400/TEST_0+1_20200224_213000.wav,21.646020441818898,0,93.5
./FLSHE_2020_400/TEST_0+1_20200121_205900.wav,8.329876294804274,0,132.5
./FLSHE_2020_400/TEST_0+1_20200214_012100.wav,9.577976159117746,0,45.5
./FLSHE_2020_400/TEST_0+1_20200501_221900.wav,17.1575704966238,0,203.5
./FLSHE_2020_400/TEST_0+1_20200208_231600.wav,11.337880745957786,0,249.0
./FLSHE_2020_400/TEST_0+1_20200209_191700.wav,25.97520236933821,0,130.0
./FLSHE_2020_400/TEST_0+1_20200306_203900.wav,13.31204397837916,0,219.0
./FLSHE_2020_400/TEST_0+1_20200129_210700.wav,13.486753030681925,0,290.5
./FLSHE_2020_400/TEST_0+1_20200127_010400.wav,10.875158476298948,0,270.0
./FLSHE_2020_400/TEST_0+1_20200303_013600.wav,10.332031880512721,0,14.5
./FLSHE_2020_400/TEST_0+1_20200307_193900.wav,65.0969800975955,0,1.0
./FLSHE_2020_400/TEST_0+1_20200114_185300.wav,323.1408984670459,0,277.5
./FLSHE_2020_400/TEST_0+1_20200517_193000.wav,16.358790507748864,0,176.5
./FLSHE_2020_400/TEST_0+1_20200312_214300.wav,14.888271280613164,0,131.5
./FLSHE_2020_400/TEST_0+1_20200515_002800.wav,9.157881002780433,0,201.5
./FLSHE_2020_400/TEST_0+1_20200603_014000.wav,10.08202680636814,0,54.5
./FLSHE_2020_400/TEST_0+1_20200410_220400.wav,29.35039295174138,0,75.0
./FLSHE_2020_400/TEST_0+1_20200516_203000.wav,23.41216862666819,0,171.5
./FLSHE_2020_400/TEST_0+1_20200301_023400.wav,10.012427813785436,0,108.0
./FLSHE_2020_400/TEST_0+1_20200304_193700.wav,58.914967075511846,0,249.0
./FLSHE_2020_400/TEST_0+1_20200506_212200.wav,85.45998948152379,0,273.0
./FLSHE_2020_400/TEST_0+1_20200524_233500.wav,21.130204413141172,0,163.5
./FLSHE_2020_400/TEST_0+1_20200328_185500.wav,13.507488742364023,0,5.0
./FLSHE_2020_400/TEST_0+1_20200406_220100.wav,20.102822342182872,0,263.0
./FLSHE_2020_400/TEST_0+1_20200502_011900.wav,54.10579032936775,0,240.5
./FLSHE_2020_400/TEST_0+1_20200408_020200.wav,23.140410655503484,0,191.0
./FLSHE_2020_400/TEST_0+1_20200218_202500.wav,12.448520151086583,0,52.5
./FLSHE_2020_400/TEST_0+1_20200329_215500.wav,12.923131313956379,0,192.0
./FLSHE_2020_400/TEST_0+1_20200309_234100.wav,15.73497527290776,0,280.0
./FLSHE_2020_400/TEST_0+1_20200308_194000.wav,32.778681200821325,0,146.0
./FLSHE_2020_400/TEST_0+1_20200215_222200.wav,10.666423650489707,0,155.0
./FLSHE_2020_400/TEST_0+1_20200211_011800.wav,11.6958313910495,0,82.5
./FLSHE_2020_400/TEST_0+1_20200428_001600.wav,15.091573767375571,0,18.5
./FLSHE_2020_400/TEST_0+1_20200426_201500.wav,12.479848506922307,0,132.0
./FLSHE_2020_400/TEST_0+1_20200504_212100.wav,16.801726838242292,0,259.0
./FLSHE_2020_400/TEST_0+1_20200530_023800.wav,9.025749360105662,0,65.5
./FLSHE_2020_400/TEST_0+1_20200527_193700.wav,7.964925290741828,0,208.0
./FLSHE_2020_400/TEST_0+1_20200526_233600.wav,16.428052437914754,0,98.0
./FLSHE_2020_400/TEST_0+1_20200402_185800.wav,10.679849305364867,0,60.0
./FLSHE_2020_400/TEST_0+1_20200403_225900.wav,11.282603195112852,0,145.5
./FLSHE_2020_400/TEST_0+1_20200413_020500.wav,16.198224791341357,0,139.5
./FLSHE_2020_400/TEST_0+1_20200513_022700.wav,13.263029891788893,0,212.0
./FLSHE_2020_400/TEST_0+1_20200311_014200.wav,230.34233704930378,0,291.5
./FLSHE_2020_400/TEST_0+1_20200128_010500.wav,12.335479510100873,0,72.0
./FLSHE_2020_400/TEST_0+1_20200518_193100.wav,10.92781321902131,0,260.5
./FLSHE_2020_400/TEST_0+1_20200511_012500.wav,9.26714571789477,0,2.5
./FLSHE_2020_400/TEST_0+1_20200212_202000.wav,189.68552355981285,0,162.5
./FLSHE_2020_400/TEST_0+1_20200420_001000.wav,20.447540284403804,0,15.0
./FLSHE_2020_400/TEST_0+1_20200520_003200.wav,13.261627799247451,0,253.0
./FLSHE_2020_400/TEST_0+1_20200528_203700.wav,22.496074885528078,0,120.0
./FLSHE_2020_400/TEST_0+1_20200430_211800.wav,11.681238056791218,0,85.0
./FLSHE_2020_400/TEST_0+1_20200225_213100.wav,11.668597160929798,0,251.0
./FLSHE_2020_400/TEST_0+1_20200215_022100.wav,10.434446334188753,0,237.0
./FLSHE_2020_400/TEST_0+1_20200120_205800.wav,12.929836745160797,0,15.0
./FLSHE_2020_400/TEST_0+1_20200208_191600.wav,12.957035722014925,0,40.0
./FLSHE_2020_400/TEST_0+1_20200209_231700.wav,35.81793741299299,0,100.0
./FLSHE_2020_400/TEST_0+1_20200226_183200.wav,93.77987384705615,0,186.5
./FLSHE_2020_400/TEST_0+1_20200327_225400.wav,16.516271074585514,0,50.0
./FLSHE_2020_400/TEST_0+1_20200217_012300.wav,17.33929850011264,0,103.5
./FLSHE_2020_400/TEST_0+1_20200227_213200.wav,18.889707331728353,0,182.5
./FLSHE_2020_400/TEST_0+1_20200401_215700.wav,16.364130181316554,0,200.5
./FLSHE_2020_400/TEST_0+1_20200509_002400.wav,13.481920850789706,0,18.5
./FLSHE_2020_400/TEST_0+1_20200114_225300.wav,187.4913324431961,0,296.5
./FLSHE_2020_400/TEST_0+1_20200517_233000.wav,17.646021821608066,0,217.5
./FLSHE_2020_400/TEST_0+1_20200201_201000.wav,10.40517545366277,0,258.0
./FLSHE_2020_400/TEST_0+1_20200602_024000.wav,11.28821808560166,0,164.5
./FLSHE_2020_400/TEST_0+1_20200411_210400.wav,15.07141813884763,0,276.5
./FLSHE_2020_400/TEST_0+1_20200511_212600.wav,13.718737022369673,0,187.5
./FLSHE_2020_400/TEST_0+1_20200430_011700.wav,15.353334350121616,0,111.5
./FLSHE_2020_400/TEST_0+1_20200120_005700.wav,9.749477930506252,0,55.5
./FLSHE_2020_400/TEST_0+1_20200523_013400.wav,9.385835097950737,0,80.5
./FLSHE_2020_400/TEST_0+1_20200128_210600.wav,10.685124710246953,0,173.5
./FLSHE_2020_400/TEST_0+1_20200307_233900.wav,14.840185851118529,0,262.5
./FLSHE_2020_400/TEST_0+1_20200413_220600.wav,14.192239832787896,0,48.5
./FLSHE_2020_400/TEST_0+1_20200215_182200.wav,11.758497163787407,0,33.5
./FLSHE_2020_400/TEST_0+1_20200309_194100.wav,25.577972946601598,0,273.5
./FLSHE_2020_400/TEST_0+1_20200308_234000.wav,11.133514183533652,0,232.0
./FLSHE_2020_400/TEST_0+1_20200123_020000.wav,11.385512126506688,0,160.5
./FLSHE_2020_400/TEST_0+1_20200429_001700.wav,13.70595379350537,0,245.0
./FLSHE_2020_400/TEST_0+1_20200402_025700.wav,16.28844601087642,0,35.5
./FLSHE_2020_400/TEST_0+1_20200531_023900.wav,11.554845675673086,0,1.0
./FLSHE_2020_400/TEST_0+1_20200527_233700.wav,10.960656148399915,0,210.5
./FLSHE_2020_400/TEST_0+1_20200526_193600.wav,10.97967127214024,0,71.5
./FLSHE_2020_400/TEST_0+1_20200503_021900.wav,24.90465091322126,0,177.0
./FLSHE_2020_400/TEST_0+1_20200507_212300.wav,11.203673638316351,0,20.0
./FLSHE_2020_400/TEST_0+1_20200409_010200.wav,46.093521955963034,0,61.0
./FLSHE_2020_400/TEST_0+1_20200304_233700.wav,18.126456376269555,0,95.0
./FLSHE_2020_400/TEST_0+1_20200205_011200.wav,14.909376862096737,0,31.5
./FLSHE_2020_400/TEST_0+1_20200415_000600.wav,23.61548541851578,0,18.5
./FLSHE_2020_400/TEST_0+1_20200328_225500.wav,14.103633739474962,0,120.5
./FLSHE_2020_400/TEST_0+1_20200226_023100.wav,11.51787923357855,0,269.0
./FLSHE_2020_400/TEST_0+1_20200524_193500.wav,13.047849808463301,0,261.0
./FLSHE_2020_400/TEST_0+1_20200228_213300.wav,13.42530116562501,0,272.0
./FLSHE_2020_400/TEST_0+1_20200518_233100.wav,10.786041019087902,0,108.5
./FLSHE_2020_400/TEST_0+1_20200510_022500.wav,9.576662502143705,0,124.0
./FLSHE_2020_400/TEST_0+1_20200213_202100.wav,103.19344500171553,0,264.5
./FLSHE_2020_400/TEST_0+1_20200421_001100.wav,53.40298952022432,0,67.5
./FLSHE_2020_400/TEST_0+1_20200423_001200.wav,22.45538129245706,0,240.0
./FLSHE_2020_400/TEST_0+1_20200512_022600.wav,10.591881083086562,0,172.5
./FLSHE_2020_400/TEST_0+1_20200118_005600.wav,11.064231516586965,0,119.0
./FLSHE_2020_400/TEST_0+1_20200402_225800.wav,25.45239987752327,0,166.0
./FLSHE_2020_400/TEST_0+1_20200601_214000.wav,23.29630493375678,0,296.5
./FLSHE_2020_400/TEST_0+1_20200403_185900.wav,11.284721588052243,0,15.5
./FLSHE_2020_400/TEST_0+1_20200419_000900.wav,47.89248143739403,0,269.0
./FLSHE_2020_400/TEST_0+1_20200116_205500.wav,280.43413126205644,0,66.0
./FLSHE_2020_400/TEST_0+1_20200412_020400.wav,20.409402846403992,0,41.0
./FLSHE_2020_400/TEST_0+1_20200301_223500.wav,10.274748768649228,0,169.5
./FLSHE_2020_400/TEST_0+1_20200313_204400.wav,30.42455749408103,0,247.5
./FLSHE_2020_400/TEST_0+1_20200115_195400.wav,104.8925971589226,0,15.5
./FLSHE_2020_400/TEST_0+1_20200515_202900.wav,17.73832676803039,0,286.5
./FLSHE_2020_400/TEST_0+1_20200519_193200.wav,11.791579893110661,0,19.5
./FLSHE_2020_400/TEST_0+1_20200419_191000.wav,19.45425033049649,0,85.5
./FLSHE_2020_400/TEST_0+1_20200115_025300.wav,240.64736190926055,0,160.0
./FLSHE_2020_400/TEST_0+1_20200312_014200.wav,123.30804002817048,0,240.5
./FLSHE_2020_400/TEST_0+1_20200127_210500.wav,10.094320969802636,0,173.0
./FLSHE_2020_400/TEST_0+1_20200522_213400.wav,14.549919094704704,0,65.0
./FLSHE_2020_400/TEST_0+1_20200129_010600.wav,10.488104349696934,0,127.0
./FLSHE_2020_400/TEST_0+1_20200222_232800.wav,9.373952363497342,0,136.5
./FLSHE_2020_400/TEST_0+1_20200223_192900.wav,17.77125255783523,0,114.0
./FLSHE_2020_400/TEST_0+1_20200310_014100.wav,11.893392952962682,0,204.5
./FLSHE_2020_400/TEST_0+1_20200529_203800.wav,21.075585536061855,0,108.0
./FLSHE_2020_400/TEST_0+1_20200126_000300.wav,9.955108441211385,0,4.0
./FLSHE_2020_400/TEST_0+1_20200306_003800.wav,12.018742781963807,0,182.5
./FLSHE_2020_400/TEST_0+1_20200416_190800.wav,36.246615934960545,0,41.0
./FLSHE_2020_400/TEST_0+1_20200417_230900.wav,11.47178382168118,0,55.0
./FLSHE_2020_400/TEST_0+1_20200303_223600.wav,58.86684253735747,0,11.5
./FLSHE_2020_400/TEST_0+1_20200121_005800.wav,9.637605969460376,0,0.0
./FLSHE_2020_400/TEST_0+1_20200405_210000.wav,24.161685364941444,0,105.5
./FLSHE_2020_400/TEST_0+1_20200505_212200.wav,20.222464479428037,0,116.5
./FLSHE_2020_400/TEST_0+1_20200501_021800.wav,14.16451629688374,0,271.0
./FLSHE_2020_400/TEST_0+1_20200207_191500.wav,41.879814978279796,0,268.5
./FLSHE_2020_400/TEST_0+1_20200206_231400.wav,210.15471812599992,0,249.5
./FLSHE_2020_400/TEST_0+1_20200427_201600.wav,11.6075182609424,0,260.5
./FLSHE_2020_400/TEST_0+1_20200529_003700.wav,11.12593231580454,0,230.5
./FLSHE_2020_400/TEST_0+1_20200214_222100.wav,36.138861218746705,0,53.0
./FLSHE_2020_400/TEST_0+1_20200219_202600.wav,15.777375759611225,0,145.0
./FLSHE_2020_400/TEST_0+1_20200508_202400.wav,10.349986931049674,0,246.5
./FLSHE_2020_400/TEST_0+1_20200407_220200.wav,10.173074222160293,0,17.5
./FLSHE_2020_400/TEST_0+1_20200424_011300.wav,10.063959547953704,0,3.5
./FLSHE_2020_400/TEST_0+1_20200525_233600.wav,27.84747032999081,0,140.0
./FLSHE_2020_400/TEST_0+1_20200425_231400.wav,11.954494156342676,0,0.5
./FLSHE_2020_400/TEST_0+1_20200216_212300.wav,12.663279958224278,0,188.5
./FLSHE_2020_400/TEST_0+1_20200212_021900.wav,229.60965360966298,0,271.5
./FLSHE_2020_400/TEST_0+1_20200420_201100.wav,12.010618165058894,0,26.0
./FLSHE_2020_400/TEST_0+1_20200305_233800.wav,9.02860179125882,0,153.5
./FLSHE_2020_400/TEST_0+1_20200520_233200.wav,15.492771599605076,0,17.0
./FLSHE_2020_400/TEST_0+1_20200521_193300.wav,14.696068560456457,0,286.0
./FLSHE_2020_400/TEST_0+1_20200125_230300.wav,11.453961949818506,0,266.0
./FLSHE_2020_400/TEST_0+1_20200124_190200.wav,11.044962265529165,0,68.5
./FLSHE_2020_400/TEST_0+1_20200330_195600.wav,10.23577244983553,0,168.0
./FLSHE_2020_400/TEST_0+1_20200331_235700.wav,50.734727627899176,0,29.5
./FLSHE_2020_400/TEST_0+1_20200421_191100.wav,11.427945625775472,0,202.5
./FLSHE_2020_400/TEST_0+1_20200403_025800.wav,17.69238559764751,0,78.5
./FLSHE_2020_400/TEST_0+1_20200202_191100.wav,8.88173633112791,0,294.5
./FLSHE_2020_400/TEST_0+1_20200302_013500.wav,8.992969171102349,0,237.0
./FLSHE_2020_400/TEST_0+1_20200418_200900.wav,32.558428518579596,0,299.0
./FLSHE_2020_400/TEST_0+1_20200117_005500.wav,73.9303030152381,0,208.5
./FLSHE_2020_400/TEST_0+1_20200513_212700.wav,20.770449820256154,0,279.5
./FLSHE_2020_400/TEST_0+1_20200119_235700.wav,13.589018676449928,0,196.5
./FLSHE_2020_400/TEST_0+1_20200118_195600.wav,127.77543152177672,0,225.5
./FLSHE_2020_400/TEST_0+1_20200311_224200.wav,285.72008161691406,0,168.5
./FLSHE_2020_400/TEST_0+1_20200203_201100.wav,9.893225871952462,0,41.0
./FLSHE_2020_400/TEST_0+1_20200131_190900.wav,21.113257355225002,0,110.5
./FLSHE_2020_400/TEST_0+1_20200130_230800.wav,11.114485045567108,0,186.0
./FLSHE_2020_400/TEST_0+1_20200422_201200.wav,14.869092196662878,0,76.0
./FLSHE_2020_400/TEST_0+1_20200504_012000.wav,11.81971059947882,0,121.5
./FLSHE_2020_400/TEST_0+1_20200429_191700.wav,13.434404378536572,0,16.0
./FLSHE_2020_400/TEST_0+1_20200530_223900.wav,23.476120450015053,0,167.0
./FLSHE_2020_400/TEST_0+1_20200211_211900.wav,208.78850269076707,0,266.0
./FLSHE_2020_400/TEST_0+1_20200113_235200.wav,9.007534970650898,0,270.0
./FLSHE_2020_400/TEST_0+1_20200426_001400.wav,11.387862515116847,0,50.5
./FLSHE_2020_400/TEST_0+1_20200123_180100.wav,14.807105846369687,0,147.0
./FLSHE_2020_400/TEST_0+1_20200122_220000.wav,11.459428260953326,0,18.0
./FLSHE_2020_400/TEST_0+1_20200428_201700.wav,16.553052819455157,0,43.5
./FLSHE_2020_400/TEST_0+1_20200526_003600.wav,16.771869705326658,0,244.0
./FLSHE_2020_400/TEST_0+1_20200506_022200.wav,10.384789425302664,0,214.0
./FLSHE_2020_400/TEST_0+1_20200218_002400.wav,10.833322679714987,0,43.0
./FLSHE_2020_400/TEST_0+1_20200406_020000.wav,27.59528451936479,0,59.0
./FLSHE_2020_400/TEST_0+1_20200221_202700.wav,13.688849170548801,0,230.5
./FLSHE_2020_400/TEST_0+1_20200224_022900.wav,13.223648588726475,0,64.0
./FLSHE_2020_400/TEST_0+1_20200229_013300.wav,11.129423025876472,0,236.0
./FLSHE_2020_400/TEST_0+1_20200502_221900.wav,15.633431181892755,0,50.0
./FLSHE_2020_400/TEST_0+1_20200408_210200.wav,16.72347676352724,0,184.5
./FLSHE_2020_400/TEST_0+1_20200204_211200.wav,12.754822046672615,0,186.0
./FLSHE_2020_400/TEST_0+1_20200414_200600.wav,13.116590768964354,0,113.5
./FLSHE_2020_400/TEST_0+1_20200220_192700.wav,13.878553119203769,0,129.0
./FLSHE_2020_400/TEST_0+1_20200329_025500.wav,34.22008704647439,0,250.0
./FLSHE_2020_400/TEST_0+1_20200310_004100.wav,112.34464032519844,0,299.5
./FLSHE_2020_400/TEST_0+1_20200223_182900.wav,16.037493734378895,0,262.0
./FLSHE_2020_400/TEST_0+1_20200222_222800.wav,10.746562526765779,0,46.0
./FLSHE_2020_400/TEST_0+1_20200129_000600.wav,9.60015960227415,0,83.0
./FLSHE_2020_400/TEST_0+1_20200522_203400.wav,19.519813644193164,0,125.5
./FLSHE_2020_400/TEST_0+1_20200127_200500.wav,10.17302395759888,0,34.5
./FLSHE_2020_400/TEST_0+1_20200303_233600.wav,45.13415389578241,0,228.0
./FLSHE_2020_400/TEST_0+1_20200417_220900.wav,12.129625228804086,0,209.5
./FLSHE_2020_400/TEST_0+1_20200306_013800.wav,17.855160672073975,0,26.5
./FLSHE_2020_400/TEST_0+1_20200126_010300.wav,9.775912077603769,0,203.5
./FLSHE_2020_400/TEST_0+1_20200529_213800.wav,27.369327199492396,0,125.5
./FLSHE_2020_400/TEST_0+1_20200523_193400.wav,15.22952091663176,0,274.0
./FLSHE_2020_400/TEST_0+1_20200115_185400.wav,143.9441547150778,0,242.5
./FLSHE_2020_400/TEST_0+1_20200313_214400.wav,143.17299827280044,0,117.5
./FLSHE_2020_400/TEST_0+1_20200301_233500.wav,15.80423320631778,0,176.0
./FLSHE_2020_400/TEST_0+1_20200116_175500.wav,70.38538489452769,0,284.0
./FLSHE_2020_400/TEST_0+1_20200312_004200.wav,181.19029208463806,0,113.5
./FLSHE_2020_400/TEST_0+1_20200603_204100.wav,12.7317218295375,0,191.5
./FLSHE_2020_400/TEST_0+1_20200515_212900.wav,24.920120995554313,0,14.5
./FLSHE_2020_400/TEST_0+1_20200330_025500.wav,21.563208851890337,0,266.0
./FLSHE_2020_400/TEST_0+1_20200124_020100.wav,29.063321647436165,0,152.5
./FLSHE_2020_400/TEST_0+1_20200407_230200.wav,9.659989840104949,0,21.0
./FLSHE_2020_400/TEST_0+1_20200508_212400.wav,15.337385641017798,0,283.5
./FLSHE_2020_400/TEST_0+1_20200219_212600.wav,36.30306300628324,0,91.5
./FLSHE_2020_400/TEST_0+1_20200216_202300.wav,16.225339534257515,0,56.5
./FLSHE_2020_400/TEST_0+1_20200425_221400.wav,16.152214612404915,0,133.5
./FLSHE_2020_400/TEST_0+1_20200525_223600.wav,24.393710054605716,0,237.0
./FLSHE_2020_400/TEST_0+1_20200424_001300.wav,9.568211643817596,0,161.0
./FLSHE_2020_400/TEST_0+1_20200206_221400.wav,210.432161515798,0,63.0
./FLSHE_2020_400/TEST_0+1_20200207_181500.wav,12.736785060062227,0,161.5
./FLSHE_2020_400/TEST_0+1_20200505_202200.wav,19.922210487299715,0,234.0
./FLSHE_2020_400/TEST_0+1_20200405_200000.wav,15.686352654023915,0,56.0
./FLSHE_2020_400/TEST_0+1_20200222_022700.wav,9.901163837693343,0,33.5
./FLSHE_2020_400/TEST_0+1_20200121_015800.wav,13.49641713239805,0,19.0
./FLSHE_2020_400/TEST_0+1_20200214_232100.wav,9.350001232554435,0,13.5
./FLSHE_2020_400/TEST_0+1_20200529_013700.wav,10.800442010980255,0,107.0
./FLSHE_2020_400/TEST_0+1_20200427_211600.wav,15.694238004076812,0,239.0
./FLSHE_2020_400/TEST_0+1_20200418_210900.wav,37.57974992031953,0,147.0
./FLSHE_2020_400/TEST_0+1_20200117_015500.wav,10.898615625399872,0,273.5
./FLSHE_2020_400/TEST_0+1_20200412_190500.wav,9.612911592587963,0,156.0
./FLSHE_2020_400/TEST_0+1_20200302_003500.wav,11.07655834223615,0,116.0
./FLSHE_2020_400/TEST_0+1_20200202_181100.wav,12.992257107893689,0,198.0
./FLSHE_2020_400/TEST_0+1_20200512_192700.wav,15.093237557236051,0,207.0
./FLSHE_2020_400/TEST_0+1_20200422_211200.wav,15.08810289645923,0,99.5
./FLSHE_2020_400/TEST_0+1_20200130_220800.wav,10.55034001919717,0,21.5
./FLSHE_2020_400/TEST_0+1_20200131_180900.wav,11.025924333378432,0,277.0
./FLSHE_2020_400/TEST_0+1_20200516_022900.wav,15.556144142835375,0,169.5
./FLSHE_2020_400/TEST_0+1_20200203_211100.wav,10.586218024377418,0,70.0
./FLSHE_2020_400/TEST_0+1_20200118_185600.wav,255.0969094230679,0,103.0
./FLSHE_2020_400/TEST_0+1_20200119_225700.wav,11.001851921180702,0,45.5
./FLSHE_2020_400/TEST_0+1_20200311_234200.wav,138.90502420485288,0,213.5
./FLSHE_2020_400/TEST_0+1_20200513_202700.wav,19.73382714907948,0,91.0
./FLSHE_2020_400/TEST_0+1_20200420_211100.wav,11.793959106838367,0,78.5
./FLSHE_2020_400/TEST_0+1_20200331_225700.wav,46.351725893333764,0,265.0
./FLSHE_2020_400/TEST_0+1_20200330_185600.wav,9.095685153924476,0,283.0
./FLSHE_2020_400/TEST_0+1_20200124_180200.wav,14.330437103008999,0,62.0
./FLSHE_2020_400/TEST_0+1_20200125_220300.wav,10.422478940444835,0,146.0
./FLSHE_2020_400/TEST_0+1_20200520_223200.wav,15.528047193921768,0,29.0
./FLSHE_2020_400/TEST_0+1_20200305_223800.wav,15.605489661388484,0,81.5
./FLSHE_2020_400/TEST_0+1_20200519_023100.wav,13.532070387752091,0,183.5
./FLSHE_2020_400/TEST_0+1_20200229_003300.wav,17.31644252461177,0,193.0
./FLSHE_2020_400/TEST_0+1_20200221_212700.wav,11.685881680992408,0,211.5
./FLSHE_2020_400/TEST_0+1_20200120_175800.wav,8.299509544241419,0,80.5
./FLSHE_2020_400/TEST_0+1_20200218_012400.wav,11.56982551616092,0,58.5
./FLSHE_2020_400/TEST_0+1_20200524_023400.wav,9.31206138212241,0,265.5
./FLSHE_2020_400/TEST_0+1_20200220_182700.wav,19.14551765119839,0,294.5
./FLSHE_2020_400/TEST_0+1_20200414_210600.wav,19.32134318314044,0,138.5
./FLSHE_2020_400/TEST_0+1_20200305_023700.wav,11.387100175548012,0,271.0
./FLSHE_2020_400/TEST_0+1_20200204_201200.wav,11.866997004463133,0,148.0
./FLSHE_2020_400/TEST_0+1_20200408_200200.wav,16.564247255015786,0,118.0
./FLSHE_2020_400/TEST_0+1_20200502_231900.wav,12.901358739589194,0,196.0
./FLSHE_2020_400/TEST_0+1_20200530_233900.wav,14.012644372633938,0,55.0
./FLSHE_2020_400/TEST_0+1_20200504_002000.wav,14.350992607058178,0,69.5
./FLSHE_2020_400/TEST_0+1_20200526_013600.wav,25.55028025361621,0,138.5
./FLSHE_2020_400/TEST_0+1_20200428_211700.wav,15.052086758604537,0,78.0
./FLSHE_2020_400/TEST_0+1_20200122_230000.wav,11.77580473846736,0,99.5
./FLSHE_2020_400/TEST_0+1_20200130_020700.wav,11.596827321779292,0,111.5
./FLSHE_2020_400/TEST_0+1_20200123_190100.wav,10.06470646549259,0,145.0
./FLSHE_2020_400/TEST_0+1_20200426_011400.wav,26.64199507865217,0,129.5
./FLSHE_2020_400/TEST_0+1_20200113_225200.wav,11.990875897245807,0,38.5
./FLSHE_2020_400/TEST_0+1_20200211_201900.wav,311.9704367849396,0,118.0
./FLSHE_2020_400/TEST_0+1_20200309_024000.wav,11.82215494155116,0,59.5
./FLSHE_2020_400/TEST_0+1_20200217_002300.wav,9.639486482599859,0,7.5
./FLSHE_2020_400/TEST_0+1_20200327_235400.wav,12.166509340250661,0,272.0
./FLSHE_2020_400/TEST_0+1_20200226_193200.wav,26.910020889680226,0,36.5
./FLSHE_2020_400/TEST_0+1_20200404_025900.wav,13.175987980321572,0,54.0
./FLSHE_2020_400/TEST_0+1_20200509_012400.wav,12.512828421583189,0,230.5
./FLSHE_2020_400/TEST_0+1_20200401_205700.wav,13.909289336047731,0,9.5
./FLSHE_2020_400/TEST_0+1_20200227_203200.wav,12.785728569151118,0,14.0
./FLSHE_2020_400/TEST_0+1_20200225_203100.wav,78.62563027817222,0,15.0
./FLSHE_2020_400/TEST_0+1_20200528_213700.wav,17.5436101168577,0,116.5
./FLSHE_2020_400/TEST_0+1_20200430_201800.wav,13.166845645147701,0,83.5
./FLSHE_2020_400/TEST_0+1_20200207_021400.wav,144.6942388047053,0,129.5
./FLSHE_2020_400/TEST_0+1_20200501_191900.wav,14.123900913467347,0,33.0
./FLSHE_2020_400/TEST_0+1_20200209_221700.wav,11.912090352794086,0,83.5
./FLSHE_2020_400/TEST_0+1_20200208_181600.wav,11.152952368629851,0,127.0
./FLSHE_2020_400/TEST_0+1_20200120_215800.wav,11.931411666266643,0,19.5
./FLSHE_2020_400/TEST_0+1_20200430_001700.wav,17.942263508065857,0,121.0
./FLSHE_2020_400/TEST_0+1_20200413_230600.wav,47.65053778481689,0,275.5
./FLSHE_2020_400/TEST_0+1_20200307_223900.wav,11.829996510257297,0,14.5
./FLSHE_2020_400/TEST_0+1_20200128_200600.wav,14.37216514544117,0,297.0
./FLSHE_2020_400/TEST_0+1_20200223_022800.wav,10.940613445296044,0,21.0
./FLSHE_2020_400/TEST_0+1_20200523_003400.wav,8.814489356535383,0,62.5
./FLSHE_2020_400/TEST_0+1_20200120_015700.wav,15.08040767302558,0,39.0
./FLSHE_2020_400/TEST_0+1_20200517_223000.wav,25.53839757581003,0,28.0
./FLSHE_2020_400/TEST_0+1_20200114_235300.wav,191.41384114912393,0,89.0
./FLSHE_2020_400/TEST_0+1_20200410_190400.wav,23.0928367848614,0,216.5
./FLSHE_2020_400/TEST_0+1_20200410_020300.wav,35.96447381006295,0,269.0
./FLSHE_2020_400/TEST_0+1_20200511_202600.wav,12.450075249408217,0,245.0
./FLSHE_2020_400/TEST_0+1_20200411_200400.wav,12.134656229835711,0,218.0
./FLSHE_2020_400/TEST_0+1_20200201_211000.wav,9.608070466884802,0,91.5
./FLSHE_2020_400/TEST_0+1_20200328_235500.wav,14.827071281413984,0,48.5
./FLSHE_2020_400/TEST_0+1_20200220_022600.wav,28.16171429397864,0,39.5
./FLSHE_2020_400/TEST_0+1_20200415_010600.wav,37.51314347706531,0,179.0
./FLSHE_2020_400/TEST_0+1_20200205_001200.wav,194.61914079486996,0,286.0
./FLSHE_2020_400/TEST_0+1_20200304_223700.wav,28.704358662053473,0,285.0
./FLSHE_2020_400/TEST_0+1_20200409_000200.wav,9.494732994132393,0,180.5
./FLSHE_2020_400/TEST_0+1_20200507_202300.wav,14.756166867318337,0,67.0
./FLSHE_2020_400/TEST_0+1_20200228_203300.wav,20.85236392925115,0,269.0
./FLSHE_2020_400/TEST_0+1_20200406_190100.wav,10.333303261600777,0,100.5
./FLSHE_2020_400/TEST_0+1_20200429_011700.wav,14.104996172624746,0,125.5
./FLSHE_2020_400/TEST_0+1_20200215_192200.wav,9.722072008168535,0,105.0
./FLSHE_2020_400/TEST_0+1_20200308_224000.wav,21.531101127084366,0,82.0
./FLSHE_2020_400/TEST_0+1_20200309_184100.wav,13.209491128316897,0,150.5
./FLSHE_2020_400/TEST_0+1_20200527_223700.wav,20.744685204381984,0,177.5
./FLSHE_2020_400/TEST_0+1_20200208_021500.wav,41.049991021456954,0,53.5
./FLSHE_2020_400/TEST_0+1_20200131_020800.wav,13.565369048475635,0,136.0
./FLSHE_2020_400/TEST_0+1_20200423_011200.wav,24.47392736015983,0,160.0
./FLSHE_2020_400/TEST_0+1_20200419_010900.wav,37.332890959728864,0,214.0
./FLSHE_2020_400/TEST_0+1_20200116_215500.wav,262.7241128139988,0,104.5
./FLSHE_2020_400/TEST_0+1_20200403_195900.wav,12.368693556592612,0,54.5
./FLSHE_2020_400/TEST_0+1_20200601_204000.wav,20.797332757516592,0,119.0
./FLSHE_2020_400/TEST_0+1_20200402_235800.wav,15.904840021595575,0,9.0
./FLSHE_2020_400/TEST_0+1_20200202_021000.wav,13.043749170689122,0,106.5
./FLSHE_2020_400/TEST_0+1_20200118_015600.wav,11.216896803896578,0,219.5
./FLSHE_2020_400/TEST_0+1_20200521_023200.wav,11.875900383701305,0,180.0
./FLSHE_2020_400/TEST_0+1_20200603_214107.wav,20.92189222680333,0,59.0
./FLSHE_2020_400/TEST_0+1_20200518_223100.wav,12.272102862908708,0,238.5
./FLSHE_2020_400/TEST_0+1_20200421_011100.wav,46.53199858493204,0,235.5
./FLSHE_2020_400/TEST_0+1_20200213_212100.wav,19.436361964169127,0,261.5
./FLSHE_2020_400/TEST_0+1_20200525_203600.wav,28.058522515148685,0,228.0
./FLSHE_2020_400/TEST_0+1_20200424_021300.wav,9.809858784836207,0,55.5
./FLSHE_2020_400/TEST_0+1_20200425_201400.wav,14.494970829770084,0,292.5
./FLSHE_2020_400/TEST_0+1_20200216_222300.wav,20.188003130821723,0,131.0
./FLSHE_2020_400/TEST_0+1_20200212_011900.wav,286.2065066085649,0,286.5
./FLSHE_2020_400/TEST_0+1_20200404_195900.wav,15.652562308275964,0,136.5
./FLSHE_2020_400/TEST_0+1_20200424_191400.wav,22.83987547992356,0,212.5
./FLSHE_2020_400/TEST_0+1_20200219_232600.wav,16.60338405707425,0,276.0
./FLSHE_2020_400/TEST_0+1_20200509_192500.wav,12.800428984789757,0,231.5
./FLSHE_2020_400/TEST_0+1_20200508_232400.wav,12.890674862232258,0,191.5
./FLSHE_2020_400/TEST_0+1_20200407_210200.wav,13.844403556286881,0,157.5
./FLSHE_2020_400/TEST_0+1_20200427_231600.wav,22.994717376534474,0,227.5
./FLSHE_2020_400/TEST_0+1_20200214_212100.wav,21.189796310351216,0,169.5
./FLSHE_2020_400/TEST_0+1_20200222_002700.wav,8.502329350500942,0,144.5
./FLSHE_2020_400/TEST_0+1_20200405_220000.wav,18.22641609410918,0,258.0
./FLSHE_2020_400/TEST_0+1_20200206_201400.wav,274.4265553731052,0,246.5
./FLSHE_2020_400/TEST_0+1_20200505_222200.wav,15.629410052490314,0,212.0
./FLSHE_2020_400/TEST_0+1_20200501_011800.wav,40.22651665326378,0,131.0
./FLSHE_2020_400/TEST_0+1_20200529_233800.wav,13.78900583450112,0,144.5
./FLSHE_2020_400/TEST_0+1_20200417_200900.wav,20.524311755244092,0,55.5
./FLSHE_2020_400/TEST_0+1_20200303_213600.wav,69.34967705668464,0,200.0
./FLSHE_2020_400/TEST_0+1_20200522_223400.wav,31.264286791989576,0,240.5
./FLSHE_2020_400/TEST_0+1_20200127_220500.wav,12.199334472981043,0,284.0
./FLSHE_2020_400/TEST_0+1_20200126_180400.wav,9.535952025460901,0,230.0
./FLSHE_2020_400/TEST_0+1_20200222_202800.wav,18.302537479049047,0,120.0
./FLSHE_2020_400/TEST_0+1_20200129_020600.wav,11.352839129153606,0,70.0
./FLSHE_2020_400/TEST_0+1_20200310_024100.wav,12.352414220052827,0,165.5
./FLSHE_2020_400/TEST_0+1_20200117_195600.wav,14.708318865181816,0,298.0
./FLSHE_2020_400/TEST_0+1_20200302_183600.wav,10.552766543104656,0,285.0
./FLSHE_2020_400/TEST_0+1_20200124_000100.wav,17.1590996685287,0,159.5
./FLSHE_2020_400/TEST_0+1_20200330_005500.wav,30.058616623441836,0,272.5
./FLSHE_2020_400/TEST_0+1_20200515_232900.wav,10.905571729210601,0,262.0
./FLSHE_2020_400/TEST_0+1_20200514_192800.wav,10.346648248168545,0,75.0
./FLSHE_2020_400/TEST_0+1_20200312_024200.wav,252.07210915296344,0,32.5
./FLSHE_2020_400/TEST_0+1_20200115_015300.wav,214.43834326913415,0,283.5
./FLSHE_2020_400/TEST_0+1_20200313_234400.wav,173.72453143562123,0,258.5
./FLSHE_2020_400/TEST_0+1_20200301_213500.wav,10.74288684664191,0,62.0
./FLSHE_2020_400/TEST_0+1_20200503_192000.wav,9.703455012288176,0,159.0
./FLSHE_2020_400/TEST_0+1_20200408_220200.wav,13.739693362372922,0,197.5
./FLSHE_2020_400/TEST_0+1_20200502_211900.wav,16.204710348444774,0,276.5
./FLSHE_2020_400/TEST_0+1_20200415_190700.wav,14.763793329249491,0,216.5
./FLSHE_2020_400/TEST_0+1_20200414_230600.wav,18.153001322749656,0,22.0
./FLSHE_2020_400/TEST_0+1_20200205_181300.wav,83.4794607447376,0,159.0
./FLSHE_2020_400/TEST_0+1_20200305_003700.wav,10.31878929197118,0,141.5
./FLSHE_2020_400/TEST_0+1_20200204_221200.wav,9.1633409992278,0,275.5
./FLSHE_2020_400/TEST_0+1_20200524_003400.wav,18.865865729966288,0,141.0
./FLSHE_2020_400/TEST_0+1_20200329_015500.wav,18.692677423861063,0,53.0
./FLSHE_2020_400/TEST_0+1_20200229_193400.wav,10.570199992008625,0,168.0
./FLSHE_2020_400/TEST_0+1_20200506_012200.wav,11.520406559658584,0,129.0
./FLSHE_2020_400/TEST_0+1_20200406_010000.wav,32.70483367201258,0,118.5
./FLSHE_2020_400/TEST_0+1_20200221_232700.wav,11.322413384478441,0,32.0
./FLSHE_2020_400/TEST_0+1_20200229_023300.wav,10.930612018374347,0,209.0
./FLSHE_2020_400/TEST_0+1_20200224_012900.wav,11.279389778671979,0,158.5
./FLSHE_2020_400/TEST_0+1_20200309_004000.wav,10.036939969744521,0,268.0
./FLSHE_2020_400/TEST_0+1_20200211_221900.wav,224.0795192647169,0,35.0
./FLSHE_2020_400/TEST_0+1_20200113_205200.wav,27.292599295344086,0,106.5
./FLSHE_2020_400/TEST_0+1_20200210_181800.wav,189.4160985387816,0,224.0
./FLSHE_2020_400/TEST_0+1_20200130_000700.wav,14.360585576955804,0,9.5
./FLSHE_2020_400/TEST_0+1_20200122_210000.wav,9.752173214933466,0,7.5
./FLSHE_2020_400/TEST_0+1_20200428_231700.wav,10.207048969530838,0,143.5
./FLSHE_2020_400/TEST_0+1_20200504_022000.wav,11.907142329175516,0,176.5
./FLSHE_2020_400/TEST_0+1_20200530_213900.wav,21.885816049510144,0,57.0
./FLSHE_2020_400/TEST_0+1_20200311_214200.wav,66.33008929235034,0,53.5
./FLSHE_2020_400/TEST_0+1_20200119_205700.wav,14.09064020036237,0,192.0
./FLSHE_2020_400/TEST_0+1_20200513_222700.wav,12.816419635701422,0,153.0
./FLSHE_2020_400/TEST_0+1_20200203_231100.wav,12.140771028992054,0,289.0
./FLSHE_2020_400/TEST_0+1_20200516_002900.wav,11.927356642143048,0,33.5
./FLSHE_2020_400/TEST_0+1_20200423_191300.wav,22.268971248065967,0,190.0
./FLSHE_2020_400/TEST_0+1_20200130_200800.wav,9.678684402484372,0,270.5
./FLSHE_2020_400/TEST_0+1_20200422_231200.wav,10.88734707211609,0,297.5
./FLSHE_2020_400/TEST_0+1_20200114_175300.wav,29.936195221077387,0,91.0
./FLSHE_2020_400/TEST_0+1_20200310_184200.wav,11.747256068252415,0,188.5
./FLSHE_2020_400/TEST_0+1_20200418_230900.wav,42.92656719704109,0,156.5
./FLSHE_2020_400/TEST_0+1_20200302_023500.wav,10.753792195494032,0,180.0
./FLSHE_2020_400/TEST_0+1_20200403_015800.wav,14.246317239745506,0,175.0
./FLSHE_2020_400/TEST_0+1_20200519_003100.wav,8.166824346429827,0,205.5
./FLSHE_2020_400/TEST_0+1_20200305_203800.wav,9.872952567333536,0,42.0
./FLSHE_2020_400/TEST_0+1_20200125_200300.wav,12.562856691172467,0,83.5
./FLSHE_2020_400/TEST_0+1_20200520_203200.wav,10.088910221579875,0,5.5
./FLSHE_2020_400/TEST_0+1_20200331_205700.wav,36.32927490930481,0,59.5
./FLSHE_2020_400/TEST_0+1_20200420_231100.wav,53.76095918391203,0,185.0
./FLSHE_2020_400/TEST_0+1_20200523_023400.wav,10.441648261188556,0,149.0
./FLSHE_2020_400/TEST_0+1_20200128_220600.wav,11.763190911075323,0,137.5
./FLSHE_2020_400/TEST_0+1_20200223_002800.wav,10.542779692915554,0,43.0
./FLSHE_2020_400/TEST_0+1_20200129_180700.wav,11.161589055279432,0,169.5
./FLSHE_2020_400/TEST_0+1_20200307_203900.wav,16.98884668123645,0,128.0
./FLSHE_2020_400/TEST_0+1_20200413_210600.wav,19.19606303963644,0,38.0
./FLSHE_2020_400/TEST_0+1_20200430_021700.wav,16.83127204069075,0,279.0
./FLSHE_2020_400/TEST_0+1_20200306_193900.wav,47.46898925298609,0,20.5
./FLSHE_2020_400/TEST_0+1_20200411_220400.wav,33.37123021134759,0,14.5
./FLSHE_2020_400/TEST_0+1_20200602_014000.wav,9.757127202945778,0,160.0
./FLSHE_2020_400/TEST_0+1_20200201_231000.wav,11.356522389997528,0,221.0
./FLSHE_2020_400/TEST_0+1_20200516_193000.wav,12.50954038149242,0,229.0
./FLSHE_2020_400/TEST_0+1_20200410_000300.wav,28.74041336241657,0,81.0
./FLSHE_2020_400/TEST_0+1_20200511_222600.wav,11.574235221405662,0,69.5
./FLSHE_2020_400/TEST_0+1_20200517_203000.wav,14.555399016959843,0,137.5
./FLSHE_2020_400/TEST_0+1_20200312_184300.wav,42.12724205902044,0,111.5
./FLSHE_2020_400/TEST_0+1_20200114_215300.wav,10.496648930478232,0,118.0
./FLSHE_2020_400/TEST_0+1_20200227_223200.wav,13.667682403700574,0,253.5
./FLSHE_2020_400/TEST_0+1_20200401_225700.wav,16.47717384793519,0,265.0
./FLSHE_2020_400/TEST_0+1_20200217_192400.wav,9.934399146389193,0,273.0
./FLSHE_2020_400/TEST_0+1_20200404_005900.wav,24.191127478695797,0,298.0
./FLSHE_2020_400/TEST_0+1_20200327_215400.wav,14.464612632960558,0,257.5
./FLSHE_2020_400/TEST_0+1_20200217_022300.wav,11.440425467845019,0,276.5
./FLSHE_2020_400/TEST_0+1_20200120_235800.wav,9.149880205864468,0,166.5
./FLSHE_2020_400/TEST_0+1_20200121_195900.wav,13.834932270352326,0,279.5
./FLSHE_2020_400/TEST_0+1_20200209_201700.wav,20.566803618937715,0,299.5
./FLSHE_2020_400/TEST_0+1_20200207_001400.wav,103.14376103690326,0,202.0
./FLSHE_2020_400/TEST_0+1_20200430_221800.wav,30.728287196720025,0,227.0
./FLSHE_2020_400/TEST_0+1_20200528_233700.wav,13.857738934691055,0,100.0
./FLSHE_2020_400/TEST_0+1_20200224_183000.wav,14.9301997333177,0,292.0
./FLSHE_2020_400/TEST_0+1_20200225_223100.wav,11.47099025364828,0,175.0
./FLSHE_2020_400/TEST_0+1_20200215_012100.wav,10.000804674583511,0,62.5
./FLSHE_2020_400/TEST_0+1_20200512_012600.wav,10.947029294879197,0,72.5
./FLSHE_2020_400/TEST_0+1_20200412_010400.wav,30.592593099087757,0,41.0
./FLSHE_2020_400/TEST_0+1_20200116_235500.wav,76.71812073894351,0,157.5
./FLSHE_2020_400/TEST_0+1_20200202_001000.wav,11.172105769945503,0,213.0
./FLSHE_2020_400/TEST_0+1_20200402_215800.wav,19.80252948248404,0,59.0
./FLSHE_2020_400/TEST_0+1_20200601_224000.wav,11.940681730660168,0,45.0
./FLSHE_2020_400/TEST_0+1_20200131_000800.wav,11.387861105962944,0,108.5
./FLSHE_2020_400/TEST_0+1_20200213_232100.wav,25.568937607106378,0,208.5
./FLSHE_2020_400/TEST_0+1_20200212_192000.wav,246.73186508516858,0,291.5
./FLSHE_2020_400/TEST_0+1_20200518_203100.wav,19.756719858623935,0,87.5
./FLSHE_2020_400/TEST_0+1_20200510_012500.wav,11.793243079602474,0,268.5
./FLSHE_2020_400/TEST_0+1_20200521_003200.wav,20.841349759169688,0,128.5
./FLSHE_2020_400/TEST_0+1_20200218_192500.wav,17.468128878160353,0,204.0
./FLSHE_2020_400/TEST_0+1_20200329_185500.wav,10.782941915465896,0,171.0
./FLSHE_2020_400/TEST_0+1_20200228_223300.wav,19.7264566499566,0,250.5
./FLSHE_2020_400/TEST_0+1_20200409_020200.wav,24.920281203182185,0,86.0
./FLSHE_2020_400/TEST_0+1_20200503_011900.wav,19.225956553830887,0,45.0
./FLSHE_2020_400/TEST_0+1_20200507_222300.wav,8.919377798272311,0,214.5
./FLSHE_2020_400/TEST_0+1_20200205_021200.wav,10.78321229671264,0,27.0
./FLSHE_2020_400/TEST_0+1_20200304_203700.wav,32.389096968553076,0,24.5
./FLSHE_2020_400/TEST_0+1_20200226_013100.wav,12.096497189202516,0,254.0
./FLSHE_2020_400/TEST_0+1_20200328_215500.wav,20.65363571992161,0,64.5
./FLSHE_2020_400/TEST_0+1_20200220_002600.wav,30.246828070155605,0,76.0
./FLSHE_2020_400/TEST_0+1_20200208_001500.wav,14.713619017210766,0,155.5
./FLSHE_2020_400/TEST_0+1_20200402_015700.wav,23.278347812510656,0,276.5
./FLSHE_2020_400/TEST_0+1_20200527_203700.wav,18.066363725209197,0,276.0
./FLSHE_2020_400/TEST_0+1_20200531_013900.wav,14.140452087099057,0,185.5
./FLSHE_2020_400/TEST_0+1_20200308_204000.wav,30.192913952493974,0,40.5
./FLSHE_2020_400/TEST_0+1_20200123_010000.wav,12.87300485515761,0,153.0
./FLSHE_2020_400/TEST_0+1_20200426_191500.wav,49.111819133162264,0,246.0
./FLSHE_2020_400/TEST_0+1_20200511_232600.wav,9.959517786404694,0,216.0
./FLSHE_2020_400/TEST_0+1_20200410_010300.wav,70.93751629432481,0,160.5
./FLSHE_2020_400/TEST_0+1_20200602_004000.wav,14.266092907018947,0,173.0
./FLSHE_2020_400/TEST_0+1_20200201_221000.wav,10.170315742134857,0,232.0
./FLSHE_2020_400/TEST_0+1_20200411_230400.wav,15.68871250935519,0,269.0
./FLSHE_2020_400/TEST_0+1_20200114_205300.wav,179.93657594858712,0,263.0
./FLSHE_2020_400/TEST_0+1_20200517_213000.wav,17.10048985477466,0,207.5
./FLSHE_2020_400/TEST_0+1_20200312_194300.wav,121.1769378227859,0,218.0
./FLSHE_2020_400/TEST_0+1_20200119_175700.wav,13.804980753987957,0,217.0
./FLSHE_2020_400/TEST_0+1_20200413_200600.wav,19.728753433391223,0,74.5
./FLSHE_2020_400/TEST_0+1_20200307_213900.wav,24.07073836499016,0,241.5
./FLSHE_2020_400/TEST_0+1_20200129_190700.wav,8.564363198299777,0,74.0
./FLSHE_2020_400/TEST_0+1_20200223_012800.wav,9.189693757630524,0,181.0
./FLSHE_2020_400/TEST_0+1_20200128_230600.wav,10.477909048358253,0,90.0
./FLSHE_2020_400/TEST_0+1_20200120_025700.wav,10.048280224136349,0,33.0
./FLSHE_2020_400/TEST_0+1_20200306_183900.wav,13.1233218131903,0,173.5
./FLSHE_2020_400/TEST_0+1_20200207_011400.wav,173.3184606734374,0,102.0
./FLSHE_2020_400/TEST_0+1_20200209_211700.wav,16.182129246539695,0,42.0
./FLSHE_2020_400/TEST_0+1_20200121_185900.wav,12.588630648405603,0,174.5
./FLSHE_2020_400/TEST_0+1_20200120_225800.wav,14.810646949020605,0,83.0
./FLSHE_2020_400/TEST_0+1_20200215_002100.wav,13.420030828962634,0,204.0
./FLSHE_2020_400/TEST_0+1_20200225_233100.wav,18.23431307474061,0,227.0
./FLSHE_2020_400/TEST_0+1_20200224_193000.wav,16.403197221154837,0,280.0
./FLSHE_2020_400/TEST_0+1_20200430_231800.wav,20.57882232944045,0,256.5
./FLSHE_2020_400/TEST_0+1_20200528_223700.wav,16.13826015672416,0,111.0
./FLSHE_2020_400/TEST_0+1_20200404_015900.wav,26.637381909964734,0,250.5
./FLSHE_2020_400/TEST_0+1_20200217_182400.wav,19.61302060857023,0,190.0
./FLSHE_2020_400/TEST_0+1_20200401_235700.wav,16.78501986486186,0,217.0
./FLSHE_2020_400/TEST_0+1_20200509_022400.wav,47.589428632544504,0,228.0
./FLSHE_2020_400/TEST_0+1_20200227_233200.wav,12.145271129034839,0,219.5
./FLSHE_2020_400/TEST_0+1_20200327_205400.wav,13.00190213217629,0,57.0
./FLSHE_2020_400/TEST_0+1_20200421_021100.wav,43.692203403511165,0,223.5
./FLSHE_2020_400/TEST_0+1_20200212_182000.wav,26.93339898275645,0,76.5
./FLSHE_2020_400/TEST_0+1_20200213_222100.wav,25.326671510506873,0,280.5
./FLSHE_2020_400/TEST_0+1_20200521_013200.wav,11.04764515051981,0,190.5
./FLSHE_2020_400/TEST_0+1_20200510_002500.wav,12.949493794528998,0,168.5
./FLSHE_2020_400/TEST_0+1_20200518_213100.wav,16.796774937417787,0,52.0
./FLSHE_2020_400/TEST_0+1_20200202_011000.wav,13.032709274680608,0,222.5
./FLSHE_2020_400/TEST_0+1_20200601_234000.wav,11.127254208248823,0,49.0
./FLSHE_2020_400/TEST_0+1_20200402_205800.wav,10.780040021676328,0,74.5
./FLSHE_2020_400/TEST_0+1_20200116_225500.wav,214.22630453275463,0,209.0
./FLSHE_2020_400/TEST_0+1_20200412_000400.wav,28.259397129382428,0,137.0
./FLSHE_2020_400/TEST_0+1_20200419_020900.wav,52.74584304521082,0,263.0
./FLSHE_2020_400/TEST_0+1_20200512_002600.wav,11.884533007779591,0,207.0
./FLSHE_2020_400/TEST_0+1_20200118_025600.wav,13.120667419034275,0,39.5
./FLSHE_2020_400/TEST_0+1_20200131_010800.wav,10.063894635296522,0,141.5
./FLSHE_2020_400/TEST_0+1_20200423_021200.wav,21.17830707385089,0,185.5
./FLSHE_2020_400/TEST_0+1_20200531_003900.wav,12.640838288091025,0,202.0
./FLSHE_2020_400/TEST_0+1_20200527_213700.wav,27.282175570830404,0,298.5
./FLSHE_2020_400/TEST_0+1_20200504_192100.wav,9.481617428131207,0,0.0
./FLSHE_2020_400/TEST_0+1_20200402_005700.wav,17.47648753869857,0,191.5
./FLSHE_2020_400/TEST_0+1_20200208_011500.wav,71.38654073307109,0,15.5
./FLSHE_2020_400/TEST_0+1_20200429_021700.wav,21.342343135560995,0,138.5
./FLSHE_2020_400/TEST_0+1_20200123_000000.wav,14.35957142944553,0,210.0
./FLSHE_2020_400/TEST_0+1_20200308_214000.wav,83.50979147103385,0,165.5
./FLSHE_2020_400/TEST_0+1_20200228_233300.wav,25.943535190957206,0,85.5
./FLSHE_2020_400/TEST_0+1_20200329_195500.wav,12.461130244930736,0,296.5
./FLSHE_2020_400/TEST_0+1_20200218_182500.wav,20.414686081417255,0,163.5
./FLSHE_2020_400/TEST_0+1_20200220_012600.wav,20.20427922587667,0,295.0
./FLSHE_2020_400/TEST_0+1_20200226_003100.wav,9.616981445861692,0,2.5
./FLSHE_2020_400/TEST_0+1_20200328_205500.wav,14.746595065140367,0,16.0
./FLSHE_2020_400/TEST_0+1_20200304_213700.wav,14.239533753839563,0,270.0
./FLSHE_2020_400/TEST_0+1_20200415_020600.wav,30.300632334734555,0,177.0
./FLSHE_2020_400/TEST_0+1_20200506_192200.wav,100.88872901769172,0,29.5
./FLSHE_2020_400/TEST_0+1_20200507_232300.wav,11.640725840676486,0,93.0
./FLSHE_2020_400/TEST_0+1_20200503_001900.wav,16.127339648966196,0,42.5
./FLSHE_2020_400/TEST_0+1_20200214_202100.wav,43.90802325851951,0,214.5
./FLSHE_2020_400/TEST_0+1_20200427_221600.wav,35.1093665987174,0,20.5
./FLSHE_2020_400/TEST_0+1_20200529_023700.wav,16.474942178672606,0,172.5
./FLSHE_2020_400/TEST_0+1_20200501_001800.wav,28.353906652671927,0,82.5
./FLSHE_2020_400/TEST_0+1_20200505_232200.wav,22.260219187235247,0,259.0
./FLSHE_2020_400/TEST_0+1_20200206_211400.wav,144.32437676290704,0,97.5
./FLSHE_2020_400/TEST_0+1_20200405_230000.wav,21.876414140397536,0,258.0
./FLSHE_2020_400/TEST_0+1_20200222_012700.wav,10.653580925148269,0,8.5
./FLSHE_2020_400/TEST_0+1_20200121_025800.wav,9.560759268355646,0,19.0
./FLSHE_2020_400/TEST_0+1_20200404_185900.wav,13.770103121777554,0,182.0
./FLSHE_2020_400/TEST_0+1_20200212_001900.wav,252.84414150238052,0,293.0
./FLSHE_2020_400/TEST_0+1_20200216_232300.wav,11.703423653606754,0,6.0
./FLSHE_2020_400/TEST_0+1_20200425_211400.wav,12.879601338137793,0,37.0
./FLSHE_2020_400/TEST_0+1_20200525_213600.wav,20.799005626182602,0,73.5
./FLSHE_2020_400/TEST_0+1_20200407_200200.wav,15.348662580738687,0,130.5
./FLSHE_2020_400/TEST_0+1_20200508_222400.wav,14.370956261652161,0,249.5
./FLSHE_2020_400/TEST_0+1_20200219_222600.wav,30.253961872315664,0,206.0
./FLSHE_2020_400/TEST_0+1_20200115_005300.wav,229.82260970299689,0,298.0
./FLSHE_2020_400/TEST_0+1_20200515_222900.wav,16.750565934476466,0,36.5
./FLSHE_2020_400/TEST_0+1_20200602_194000.wav,13.260930959702902,0,163.0
./FLSHE_2020_400/TEST_0+1_20200330_015500.wav,32.177326552070895,0,242.5
./FLSHE_2020_400/TEST_0+1_20200124_010100.wav,25.735945684761358,0,4.5
./FLSHE_2020_400/TEST_0+1_20200301_203500.wav,13.088021904299948,0,26.0
./FLSHE_2020_400/TEST_0+1_20200313_224400.wav,168.9172926406068,0,175.5
./FLSHE_2020_400/TEST_0+1_20200303_203600.wav,11.601767057912824,0,291.5
./FLSHE_2020_400/TEST_0+1_20200306_023800.wav,19.618540500987084,0,36.0
./FLSHE_2020_400/TEST_0+1_20200417_210900.wav,17.882131480802315,0,187.0
./FLSHE_2020_400/TEST_0+1_20200126_020300.wav,20.59713308193935,0,137.5
./FLSHE_2020_400/TEST_0+1_20200529_223800.wav,22.455696090163702,0,221.0
./FLSHE_2020_400/TEST_0+1_20200302_193600.wav,14.55698567541719,0,245.0
./FLSHE_2020_400/TEST_0+1_20200117_185600.wav,89.71421865666558,0,42.0
./FLSHE_2020_400/TEST_0+1_20200222_212800.wav,18.434873803701397,0,294.0
./FLSHE_2020_400/TEST_0+1_20200126_190400.wav,9.560785845818902,0,68.5
./FLSHE_2020_400/TEST_0+1_20200127_230500.wav,10.04181474716318,0,293.5
./FLSHE_2020_400/TEST_0+1_20200522_233400.wav,11.98440831636345,0,137.0
./FLSHE_2020_400/TEST_0+1_20200428_221700.wav,12.891121406142805,0,150.0
./FLSHE_2020_400/TEST_0+1_20200531_193900.wav,11.472536836142421,0,210.5
./FLSHE_2020_400/TEST_0+1_20200526_023600.wav,30.35892498351882,0,186.0
./FLSHE_2020_400/TEST_0+1_20200426_021400.wav,20.554025988273125,0,157.5
./FLSHE_2020_400/TEST_0+1_20200122_200000.wav,8.912428413970572,0,188.0
./FLSHE_2020_400/TEST_0+1_20200130_010700.wav,10.013180139734546,0,272.5
./FLSHE_2020_400/TEST_0+1_20200309_014000.wav,10.332130604547352,0,199.0
./FLSHE_2020_400/TEST_0+1_20200210_191800.wav,266.695710350546,0,157.0
./FLSHE_2020_400/TEST_0+1_20200113_215200.wav,12.225817546478956,0,157.0
./FLSHE_2020_400/TEST_0+1_20200211_231900.wav,181.53328583513655,0,274.5
./FLSHE_2020_400/TEST_0+1_20200530_203900.wav,16.261805854383734,0,8.5
./FLSHE_2020_400/TEST_0+1_20200229_183400.wav,15.526150766263319,0,270.0
./FLSHE_2020_400/TEST_0+1_20200524_013400.wav,15.085091790426322,0,79.0
./FLSHE_2020_400/TEST_0+1_20200329_005500.wav,13.170078589390243,0,170.5
./FLSHE_2020_400/TEST_0+1_20200204_231200.wav,39.64735192241695,0,155.5
./FLSHE_2020_400/TEST_0+1_20200305_013700.wav,16.644962634511394,0,289.0
./FLSHE_2020_400/TEST_0+1_20200205_191300.wav,226.75730369380645,0,242.5
./FLSHE_2020_400/TEST_0+1_20200414_220600.wav,34.26499853699427,0,134.5
./FLSHE_2020_400/TEST_0+1_20200502_201900.wav,14.14898751182877,0,151.5
./FLSHE_2020_400/TEST_0+1_20200409_190300.wav,12.983354361990806,0,24.5
./FLSHE_2020_400/TEST_0+1_20200408_230200.wav,11.572656557256876,0,292.5
./FLSHE_2020_400/TEST_0+1_20200224_002900.wav,9.185342353481555,0,128.5
./FLSHE_2020_400/TEST_0+1_20200221_222700.wav,10.967511714842619,0,149.0
./FLSHE_2020_400/TEST_0+1_20200406_000000.wav,12.145768187110331,0,160.5
./FLSHE_2020_400/TEST_0+1_20200506_002200.wav,17.11147951602356,0,104.5
./FLSHE_2020_400/TEST_0+1_20200218_022400.wav,12.162734390445253,0,160.0
./FLSHE_2020_400/TEST_0+1_20200331_215700.wav,37.74817324295325,0,70.5
./FLSHE_2020_400/TEST_0+1_20200520_213200.wav,11.035651578397832,0,291.5
./FLSHE_2020_400/TEST_0+1_20200125_210300.wav,12.666525082321144,0,41.5
./FLSHE_2020_400/TEST_0+1_20200305_213800.wav,13.999644859501801,0,159.0
./FLSHE_2020_400/TEST_0+1_20200519_013100.wav,14.150942393710597,0,217.5
./FLSHE_2020_400/TEST_0+1_20200420_221100.wav,21.101993663380142,0,172.5
./FLSHE_2020_400/TEST_0+1_20200510_192500.wav,10.336728995987007,0,235.5
./FLSHE_2020_400/TEST_0+1_20200422_221200.wav,13.429760445828993,0,149.0
./FLSHE_2020_400/TEST_0+1_20200130_210800.wav,10.55327400622398,0,21.5
./FLSHE_2020_400/TEST_0+1_20200516_012900.wav,22.55986050666833,0,178.5
./FLSHE_2020_400/TEST_0+1_20200203_221100.wav,13.110289692479082,0,180.5
./FLSHE_2020_400/TEST_0+1_20200513_232700.wav,12.072568418319218,0,31.5
./FLSHE_2020_400/TEST_0+1_20200311_204200.wav,36.962090701478644,0,92.0
./FLSHE_2020_400/TEST_0+1_20200119_215700.wav,11.753587756168397,0,99.5
./FLSHE_2020_400/TEST_0+1_20200403_005800.wav,13.70984685237196,0,173.0
./FLSHE_2020_400/TEST_0+1_20200117_025500.wav,16.30606953995735,0,133.0
./FLSHE_2020_400/TEST_0+1_20200418_220900.wav,42.21399767385913,0,76.0
./FLSHE_2020_400/TEST_0+1_20200310_194200.wav,105.25233902450631,0,231.5
